zone,pd,lv_min,lv_max,rate,enc
city-bark,Exeggcute,,,,head
city-bark,Hoothoot,,,,head
city-bark,Spinarak,,,,head
city-bark,Pineco,,,,head
city-bark,Tentacool,10,25,90,surf
city-bark,Tentacruel,15,25,10,surf
city-bark,Magikarp,10,10,95,rod-old
city-bark,Tentacool,10,10,5,rod-old
city-bark,Magikarp,20,20,60,rod-good
city-bark,Tentacool,20,20,30,rod-good
city-bark,Chinchou,20,20,7,rod-good
city-bark,Shellder,20,20,3,rod-good
city-bark,Chinchou,40,40,60,rod-sup
city-bark,Shellder,40,40,30,rod-sup
city-bark,Tentacruel,40,40,7,rod-sup
city-bark,Lanturn,40,40,3,rod-sup
city-bark,Chikorita,5,5,,gift
city-bark,Cyndaquil,5,5,,gift
city-bark,Totodile,5,5,,gift
city-cher,Exeggcute,,,,head
city-cher,Hoothoot,,,,head
city-cher,Spinarak,,,,head
city-cher,Pineco,,,,head
city-cher,Taillow,,,,head-sp
city-cher,Tentacool,10,25,90,surf
city-cher,Tentacruel,15,25,10,surf
city-cher,Magikarp,10,10,95,rod-old
city-cher,Krabby,10,10,5,rod-old
city-cher,Magikarp,20,20,60,rod-good-d
city-cher,Krabby,20,20,37,rod-good-d
city-cher,Corsola,20,20,3,rod-good-d
city-cher,Magikarp,20,20,60,rod-good-n
city-cher,Krabby,20,20,37,rod-good-n
city-cher,Staryu,20,20,3,rod-good-n
city-cher,Krabby,40,40,67,rod-sup-d
city-cher,Corsola,40,40,30,rod-sup-d
city-cher,Kingler,40,40,3,rod-sup-d
city-cher,Krabby,40,40,67,rod-sup-n
city-cher,Staryu,40,40,30,rod-sup-n
city-cher,Kingler,40,40,3,rod-sup-n
city-pall,Hoothoot,,,,head
city-pall,Spinarak,,,,head
city-pall,Pineco,,,,head
city-pall,Wurmple,,,,head
city-pall,Tentacool,30,35,90,surf
city-pall,Tentacruel,30,35,10,surf
city-pall,Magikarp,10,10,95,rod-old
city-pall,Tentacool,10,10,5,rod-old
city-pall,Magikarp,20,20,60,rod-good
city-pall,Tentacool,20,20,30,rod-good
city-pall,Chinchou,20,20,7,rod-good
city-pall,Shellder,20,20,3,rod-good
city-pall,Chinchou,40,40,60,rod-sup
city-pall,Shellder,40,40,30,rod-sup
city-pall,Tentacruel,40,40,7,rod-sup
city-pall,Lanturn,40,40,3,rod-sup
city-pall,Bulbasaur,5,5,,gift
city-pall,Charmander,5,5,,gift
city-pall,Squirtle,5,5,,gift
main-vio,Exeggcute,,,,head
main-vio,Hoothoot,,,,head
main-vio,Pineco,,,,head
main-vio,Poliwag,10,25,90,surf
main-vio,Poliwhirl,15,32,10,surf
main-vio,Magikarp,10,10,95,rod-old
main-vio,Poliwag,10,10,5,rod-old
main-vio,Magikarp,20,20,60,rod-good
main-vio,Poliwag,20,20,40,rod-good
main-vio,Magikarp,40,40,93,rod-sup
main-vio,Poliwag,40,40,7,rod-sup
main-vio,Whiscash,10,40,100,swar
main-vio,Togepi,1,1,,gift
main-vio,Mareep,1,1,,gift
main-vio,Wooper,1,1,,gift
main-vio,Slugma,1,1,,gift
main-aza,Spearow,,,,head
main-aza,Aipom,,,,head
main-aza,Heracross,,,,head
main-ecru,Exeggcute,,,,head
main-ecru,Spinarak,,,,head
main-ecru,Pineco,,,,head
main-ecru,Poliwag,10,25,90,surf
main-ecru,Poliwhirl,15,25,10,surf
main-ecru,Magikarp,10,10,95,rod-old
main-ecru,Poliwag,10,10,5,rod-old
main-ecru,Magikarp,20,20,60,rod-good
main-ecru,Poliwag,20,20,40,rod-good
main-ecru,Magikarp,40,40,93,rod-sup
main-ecru,Poliwag,40,40,7,rod-sup
main-oliv,Tentacool,10,25,90,surf
main-oliv,Tentacruel,15,29,10,surf
main-oliv,Magikarp,10,10,95,rod-old
main-oliv,Krabby,10,10,5,rod-old
main-oliv,Magikarp,25,25,60,rod-good-d
main-oliv,Krabby,25,25,37,rod-good-d
main-oliv,Corsola,25,25,3,rod-good-d
main-oliv,Magikarp,25,25,60,rod-good-n
main-oliv,Krabby,25,25,37,rod-good-n
main-oliv,Staryu,25,25,3,rod-good-n
main-oliv,Krabby,40,40,67,rod-sup-d
main-oliv,Corsola,40,40,30,rod-sup-d
main-oliv,Kingler,40,40,3,rod-sup-d
main-oliv,Krabby,40,40,67,rod-sup-n
main-oliv,Staryu,40,40,30,rod-sup-n
main-oliv,Kingler,40,40,3,rod-sup-n
main-cian,Krabby,15,24,90,rock
main-cian,Shuckle,23,28,10,rock
main-cian,Tentacool,10,25,90,surf
main-cian,Tentacruel,10,25,10,surf
main-cian,Magikarp,10,10,95,rod-old
main-cian,Krabby,10,10,5,rod-old
main-cian,Magikarp,25,25,60,rod-good-d
main-cian,Krabby,25,25,37,rod-good-d
main-cian,Corsola,25,25,3,rod-good-d
main-cian,Magikarp,25,25,60,rod-good-n
main-cian,Krabby,25,25,37,rod-good-n
main-cian,Staryu,25,25,3,rod-good-n
main-cian,Krabby,40,40,67,rod-sup-d
main-cian,Corsola,40,40,30,rod-sup-d
main-cian,Kingler,40,40,3,rod-sup-d
main-cian,Krabby,40,40,67,rod-sup-n
main-cian,Staryu,40,40,30,rod-sup-n
main-cian,Kingler,40,40,3,rod-sup-n
main-thor,Magikarp,2,20,100,surf
main-thor,Magikarp,10,10,95,rod-old
main-thor,Poliwag,10,10,5,rod-old
main-thor,Magikarp,20,20,60,rod-good
main-thor,Poliwag,20,20,40,rod-good
main-thor,Magikarp,40,40,93,rod-sup
main-thor,Poliwag,40,40,7,rod-sup
main-ver,Diglett,24,37,90,rock
main-ver,Shuckle,32,35,10,rock
main-ver,Spearow,,,,head
main-ver,Heracross,,,,head
main-ver,Combee,,,,head
main-ver,Tentacool,30,35,90,surf
main-ver,Tentacruel,35,35,10,surf
main-ver,Wingull,35,35,60,swar
main-ver,Magikarp,10,10,95,rod-old
main-ver,Tentacool,10,10,5,rod-old
main-ver,Magikarp,20,20,60,rod-good
main-ver,Tentacool,20,20,30,rod-good
main-ver,Chinchou,20,20,7,rod-good
main-ver,Shellder,20,20,3,rod-good
main-ver,Chinchou,40,40,60,rod-sup
main-ver,Shellder,40,40,30,rod-sup
main-ver,Tentacruel,40,40,7,rod-sup
main-ver,Lanturn,40,40,3,rod-sup
main-ceru,Hoothoot,,,,head
main-ceru,Pineco,,,,head
main-ceru,Combee,,,,head
main-ceru,Goldeen,5,10,90,surf
main-ceru,Seaking,10,10,10,surf
main-ceru,Magikarp,10,10,95,rod-old
main-ceru,Goldeen,10,10,5,rod-old
main-ceru,Magikarp,20,20,60,rod-good
main-ceru,Goldeen,20,20,40,rod-good
main-ceru,Goldeen,40,40,90,rod-sup
main-ceru,Magikarp,40,40,7,rod-sup
main-ceru,Seaking,40,40,3,rod-sup
main-cel,Heracross,,,,head
main-cel,Combee,,,,head
main-cel,Grimer,15,20,90,surf
main-cel,Muk,15,15,10,surf
main-fu,Hoothoot,,,,head
main-fu,Spinarak,,,,head
main-fu,Wurmple,,,,head
main-fu,Magikarp,10,20,100,surf
main-fu,Magikarp,10,10,100,rod-old
main-fu,Magikarp,20,20,97,rod-good
main-fu,Gyarados,20,20,3,rod-good
main-fu,Magikarp,40,40,70,rod-sup
main-fu,Gyarados,40,40,30,rod-sup
main-pew,Hoothoot,,,,head
main-pew,Pineco,,,,head
main-pew,Wurmple,,,,head
main-pew,Starly,,,,head-sp
main-pew,Latios,,,,sp
main-viri,Hoothoot,,,,head
main-viri,Spinarak,,,,head
main-viri,Pineco,,,,head
main-viri,Wurmple,,,,head
main-viri,Poliwag,5,10,90,surf
main-viri,Poliwhirl,10,10,10,surf
main-viri,Magikarp,10,10,95,rod-old
main-viri,Poliwag,10,10,5,rod-old
main-viri,Magikarp,20,20,60,rod-good
main-viri,Poliwag,20,20,40,rod-good
main-viri,Magikarp,40,40,93,rod-sup
main-viri,Poliwag,40,40,7,rod-sup
rout-1,Pidgey,2,4,45,walk-d
rout-1,Rattata,2,2,30,walk-d
rout-1,Sentret,3,3,20,walk-d
rout-1,Furret,6,6,5,walk-d
rout-1,Rattata,2,6,55,walk-n
rout-1,Hoothoot,2,4,45,walk-n
rout-1,Plusle,2,2,20,sou-hoen
rout-1,Minun,3,3,20,sou-hoen
rout-1,Shinx,2,3,40,sou-shin
rout-1,Poochyena,2,2,40,swar
rout-1,Hoothoot,,,,head
rout-1,Spinarak,,,,head
rout-1,Pineco,,,,head
rout-1,Wurmple,,,,head
rout-2,Caterpie,3,4,31,walk-m
rout-2,Pidgey,3,3,30,walk-m
rout-2,Metapod,5,5,20,walk-m
rout-2,Butterfree,7,8,10,walk-m
rout-2,Pidgeotto,7,7,5,walk-m
rout-2,Spinarak,10,10,4,walk-m
rout-2,Pidgey,3,8,31,walk-d
rout-2,Caterpie,3,4,10,walk-d
rout-2,Butterfree,7,10,9,walk-d
rout-2,Pidgeotto,7,10,50,walk-d
rout-2,,,,,
rout-2,Hoothoot,3,5,50,walk-n
rout-2,Spinarak,3,4,31,walk-n
rout-2,Noctowl,7,10,14,walk-n
rout-2,Ariados,7,7,5,walk-n
rout-2,,,,,
rout-2,Plusle,3,3,20,sou-hoen
rout-2,Minun,5,5,20,sou-hoen
rout-2,Shinx,3,5,40,sou-shin
rout-2,Hoothoot,,,,head
rout-2,Spinarak,,,,head
rout-2,Pineco,,,,head
rout-2,Wurmple,,,,head
rout-3,Spearow,5,8,55,walk-d
rout-3,Rattata,5,10,35,walk-d
rout-3,Jigglypuff,6,6,10,walk-d
rout-3,,,,,
rout-3,,,,,
rout-3,Rattata,5,10,60,walk-n
rout-3,Zubat,5,5,30,walk-n
rout-3,Jigglypuff,6,6,10,walk-n
rout-3,,,,,
rout-3,,,,,
rout-3,Plusle,5,5,20,sou-hoen
rout-3,Minun,8,8,20,sou-hoen
rout-3,Shinx,5,8,40,sou-shin
rout-3,Baltoy,5,5,40,swar
rout-3,Hoothoot,,,,head
rout-3,Pineco,,,,head
rout-3,Wurmple,,,,head
rout-4,Spearow,5,8,55,walk-d
rout-4,Rattata,5,10,35,walk-d
rout-4,Jigglypuff,6,6,10,walk-d
rout-4,,,,,
rout-4,,,,,
rout-4,Rattata,5,10,60,walk-n
rout-4,Zubat,5,5,30,walk-n
rout-4,Jigglypuff,6,6,10,walk-n
rout-4,,,,,
rout-4,,,,,
rout-4,Whismur,5,5,20,sou-hoen
rout-4,Linoone,8,8,20,sou-hoen
rout-4,Bidoof,8,8,20,sou-shin
rout-4,Buizel,5,5,20,sou-shin
rout-5,Pidgey,13,15,60,walk-d
rout-5,Bellsprout,13,13,30,walk-d
rout-5,Abra,12,14,10,walk-d
rout-5,,,,,
rout-5,Oddish,13,13,60,walk-n
rout-5,Bellsprout,14,14,20,walk-n
rout-5,Gloom,15,15,10,walk-n
rout-5,Abra,12,14,10,walk-n
rout-5,,,,,
rout-5,Plusle,13,13,20,sou-hoen
rout-5,Minun,14,14,20,sou-hoen
rout-5,Shinx,13,14,40,sou-shin
rout-5,Hoothoot,,,,head
rout-5,Pineco,,,,head
rout-5,Combee,,,,head
rout-6,Pidgey,13,15,50,walk-d
rout-6,Bellsprout,13,13,30,walk-d
rout-6,Magnemite,15,15,10,walk-d
rout-6,Abra,12,14,10,walk-d
rout-6,,,,,
rout-6,Oddish,13,13,60,walk-n
rout-6,Bellsprout,14,14,20,walk-n
rout-6,Magnemite,15,15,10,walk-n
rout-6,Abra,12,14,10,walk-n
rout-6,,,,,
rout-6,Whismur,13,13,20,sou-hoen
rout-6,Linoone,14,14,20,sou-hoen
rout-6,Buizel,13,13,20,sou-shin
rout-6,Bidoof,14,14,20,sou-shin
rout-6,Hoothoot,,,,head
rout-6,Pineco,,,,head
rout-6,Combee,,,,head
rout-6,Psyduck,5,10,90,surf
rout-6,Golduck,10,10,10,surf
rout-6,Magikarp,10,10,95,rod-old
rout-6,Poliwag,10,10,5,rod-old
rout-6,Magikarp,20,20,60,rod-good
rout-6,Poliwag,20,20,40,rod-good
rout-6,Magikarp,40,40,93,rod-sup
rout-6,Poliwag,40,40,7,rod-sup
rout-7,Rattata,15,19,40,walk-m
rout-7,Spearow,17,17,30,walk-m
rout-7,Growlithe,18,18,20,walk-m
rout-7,Raticate,19,19,10,walk-m
rout-7,,,,,
rout-7,,,,,
rout-7,Rattata,17,19,35,walk-d
rout-7,Spearow,17,17,30,walk-d
rout-7,Growlithe,18,19,25,walk-d
rout-7,Raticate,19,19,10,walk-d
rout-7,,,,,
rout-7,Murkrow,17,19,35,walk-n
rout-7,Rattata,17,17,30,walk-n
rout-7,Growlithe,18,18,20,walk-n
rout-7,Raticate,19,19,10,walk-n
rout-7,Houndour,15,15,5,walk-n
rout-7,,,,,
rout-7,Plusle,17,17,20,sou-hoen
rout-7,Minun,18,18,20,sou-hoen
rout-7,Shinx,17,18,40,sou-shin
rout-7,Spearow,,,,head
rout-7,Heracross,,,,head
rout-7,Combee,,,,head
rout-8,Pidgeotto,17,19,65,walk-d
rout-8,Abra,15,15,20,walk-d
rout-8,Growlithe,18,18,10,walk-d
rout-8,Kadabra,15,15,5,walk-d
rout-8,,,,,
rout-8,,,,,
rout-8,Noctowl,17,18,40,walk-n
rout-8,Haunter,19,19,30,walk-n
rout-8,Abra,15,15,20,walk-n
rout-8,Growlithe,17,17,5,walk-n
rout-8,Kadabra,15,15,5,walk-n
rout-8,,,,,
rout-8,Plusle,17,19,20,sou-hoen
rout-8,Minun,15,15,20,sou-hoen
rout-8,Shinx,15,19,40,sou-shin
rout-8,Hoothoot,,,,head
rout-8,Pineco,,,,head
rout-8,Combee,,,,head
rout-9,Mankey,13,13,30,walk-d
rout-9,Rattata,15,15,30,walk-d
rout-9,Spearow,13,13,20,walk-d
rout-9,Raticate,15,15,10,walk-d
rout-9,Fearow,15,15,5,walk-d
rout-9,Primeape,15,15,5,walk-d
rout-9,Rattata,15,15,40,walk-n
rout-9,Mankey,13,13,30,walk-n
rout-9,Raticate,13,15,25,walk-n
rout-9,Primeape,15,15,5,walk-n
rout-9,Whismur,13,15,20,sou-hoen
rout-9,Linoone,13,13,20,sou-hoen
rout-9,Buizel,13,15,20,sou-shin
rout-9,Bidoof,13,13,20,sou-shin
rout-9,Sableye,13,15,40,swar
rout-9,Goldeen,10,15,90,surf
rout-9,Seaking,15,15,10,surf
rout-9,Magikarp,10,10,95,rod-old
rout-9,Goldeen,10,10,5,rod-old
rout-9,Magikarp,20,20,60,rod-good
rout-9,Goldeen,20,20,40,rod-good
rout-9,Goldeen,40,40,90,rod-sup
rout-9,Magikarp,40,40,7,rod-sup
rout-9,Seaking,40,40,3,rod-sup
rout-10,Spearow,16,16,30,walk-m
rout-10,Voltorb,17,17,30,walk-m
rout-10,Raticate,16,18,25,walk-m
rout-10,Fearow,18,18,10,walk-m
rout-10,Electabuzz,15,18,5,walk-m
rout-10,Spearow,16,16,30,walk-d
rout-10,Voltorb,17,17,30,walk-d
rout-10,Raticate,16,18,20,walk-d
rout-10,Fearow,18,18,10,walk-d
rout-10,Electabuzz,15,18,10,walk-d
rout-10,Quagsire,16,18,40,walk-n
rout-10,Voltorb,17,17,30,walk-n
rout-10,Raticate,16,16,25,walk-n
rout-10,Electabuzz,15,15,5,walk-n
rout-10,Whismur,16,17,20,sou-hoen
rout-10,Linoone,16,16,20,sou-hoen
rout-10,Buizel,16,17,20,sou-shin
rout-10,Bidoof,16,16,20,sou-shin
rout-10,Goldeen,10,15,90,surf
rout-10,Seaking,15,15,10,surf
rout-10,Magikarp,10,10,95,rod-old
rout-10,Goldeen,10,10,5,rod-old
rout-10,Magikarp,20,20,60,rod-good
rout-10,Goldeen,20,20,40,rod-good
rout-10,Goldeen,40,40,90,rod-sup
rout-10,Magikarp,40,40,7,rod-sup
rout-10,Seaking,40,40,3,rod-sup
rout-10,Zapdos,50,50,,sp
rout-11,Drowzee,14,16,40,walk
rout-11,Rattata,15,15,30,walk
rout-11,Magnemite,15,15,20,walk
rout-11,Hypno,16,16,10,walk
rout-11,Plusle,14,15,20,sou-hoen
rout-11,Minun,15,15,20,sou-hoen
rout-11,Shinx,14,15,40,sou-shin
rout-11,Spearow,,,,head
rout-11,Heracross,,,,head
rout-11,Combee,,,,head
rout-11,Snorlax,50,50,,sp
rout-12,Hoothoot,,,,head
rout-12,Spinarak,,,,head
rout-12,Wurmple,,,,head
rout-12,Tentacruel,25,25,70,surf
rout-12,Quagsire,25,25,30,surf
rout-12,Magikarp,10,10,95,rod-old
rout-12,Tentacool,10,10,5,rod-old
rout-12,Magikarp,20,20,60,rod-good
rout-12,Tentacool,20,20,40,rod-good
rout-12,Tentacool,40,40,90,rod-sup
rout-12,Magikarp,40,40,7,rod-sup
rout-12,Qwilfish,40,40,3,rod-sup
rout-12,Relicanth,10,40,100,swar
rout-13,Nidorina,23,23,30,walk-d
rout-13,Nidorino,23,23,30,walk-d
rout-13,Pidgeotto,25,25,20,walk-d
rout-13,Hoppip,22,24,19,walk-d
rout-13,Chansey,25,25,1,walk-d
rout-13,Nidorina,23,23,30,walk-n
rout-13,Nidorino,23,23,30,walk-n
rout-13,Noctowl,25,25,20,walk-n
rout-13,Quagsire,22,24,19,walk-n
rout-13,Chansey,25,25,1,walk-n
rout-13,Whismur,23,23,20,sou-hoen
rout-13,Linoone,25,25,20,sou-hoen
rout-13,Buizel,23,23,20,sou-shin
rout-13,Bidoof,25,25,20,sou-shin
rout-13,Chansey,23,23,40,swar
rout-13,Hoothoot,,,,head
rout-13,Spinarak,,,,head
rout-13,Wurmple,,,,head
rout-13,Tentacool,25,25,60,surf
rout-13,Quagsire,25,25,30,surf
rout-13,Tentacruel,25,25,10,surf
rout-13,Magikarp,10,10,95,rod-old
rout-13,Tentacool,10,10,5,rod-old
rout-13,Magikarp,20,20,60,rod-good
rout-13,Tentacool,20,20,40,rod-good
rout-13,Tentacool,40,40,90,rod-sup
rout-13,Magikarp,40,40,7,rod-sup
rout-13,Qwilfish,40,40,3,rod-sup
rout-14,Nidorina,23,23,30,walk-d
rout-14,Nidorino,23,23,30,walk-d
rout-14,Pidgeotto,25,25,20,walk-d
rout-14,Hoppip,24,24,10,walk-d
rout-14,Skiploom,26,26,9,walk-d
rout-14,Chansey,25,25,1,walk-d
rout-14,Nidorina,23,23,30,walk-n
rout-14,Nidorino,23,23,30,walk-n
rout-14,Noctowl,25,25,20,walk-n
rout-14,Quagsire,24,26,19,walk-n
rout-14,Chansey,25,25,1,walk-n
rout-14,Plusle,23,23,20,sou-hoen
rout-14,Minun,25,25,20,sou-hoen
rout-14,Shinx,23,25,40,sou-shin
rout-14,Hoothoot,,,,head
rout-14,Spinarak,,,,head
rout-14,Wurmple,,,,head
rout-15,Nidorina,23,23,30,walk-d
rout-15,Nidorino,23,23,30,walk-d
rout-15,Pidgeotto,25,25,20,walk-d
rout-15,Hoppip,22,24,19,walk-d
rout-15,Chansey,25,25,1,walk-d
rout-15,Nidorina,23,23,30,walk-n
rout-15,Nidorino,23,23,30,walk-n
rout-15,Noctowl,25,25,20,walk-n
rout-15,Quagsire,22,24,19,walk-n
rout-15,Chansey,25,25,1,walk-n
rout-15,Plusle,23,23,20,sou-hoen
rout-15,Minun,25,25,20,sou-hoen
rout-15,Shinx,23,25,40,sou-shin
rout-15,Hoothoot,,,,head
rout-15,Spinarak,,,,head
rout-15,Wurmple,,,,head
rout-16,Grimer,26,28,50,walk-d
rout-16,Fearow,27,29,40,walk-d
rout-16,Slugma,27,27,5,walk-d
rout-16,Muk,29,29,5,walk-d
rout-16,Grimer,26,28,80,walk-n
rout-16,Murkrow,29,29,10,walk-n
rout-16,Slugma,27,27,5,walk-n
rout-16,Muk,29,29,5,walk-n
rout-16,Plusle,26,27,20,sou-hoen
rout-16,Minun,28,28,20,sou-hoen
rout-16,Shinx,26,28,40,sou-shin
rout-16,Spearow,,,,head
rout-16,Heracross,,,,head
rout-16,Combee,,,,head
rout-17,Grimer,27,29,50,walk-m
rout-17,Fearow,28,30,40,walk-m
rout-17,Muk,32,32,5,walk-m
rout-17,Slugma,29,29,5,walk-m
rout-17,Slugma,29,29,35,walk-d
rout-17,Fearow,28,30,40,walk-d
rout-17,Grimer,27,29,20,walk-d
rout-17,Muk,32,32,5,walk-d
rout-17,Grimer,27,29,80,walk-n
rout-17,Muk,30,32,15,walk-n
rout-17,Slugma,29,29,5,walk-n
rout-17,Plusle,27,28,20,sou-hoen
rout-17,Minun,29,29,20,sou-hoen
rout-17,Shinx,27,29,40,sou-shin
rout-18,Grimer,26,28,50,walk-d
rout-18,Fearow,27,29,40,walk-d
rout-18,Muk,30,30,5,walk-d
rout-18,Slugma,27,27,5,walk-d
rout-18,Grimer,26,28,80,walk-n
rout-18,Muk,29,30,15,walk-n
rout-18,Slugma,27,27,5,walk-n
rout-18,Plusle,26,27,20,sou-hoen
rout-18,Minun,28,28,20,sou-hoen
rout-18,Shinx,26,28,40,sou-shin
rout-18,Hoothoot,,,,head
rout-18,Spinarak,,,,head
rout-18,Wurmple,,,,head
rout-19,Krabby,24,27,90,rock
rout-19,Kingler,28,31,10,rock
rout-19,Tentacool,30,35,90,surf
rout-19,Tentacruel,35,35,10,surf
rout-19,Clamperl,35,35,60,swar
rout-19,Magikarp,10,10,95,rod-old
rout-19,Krabby,10,10,5,rod-old
rout-19,Magikarp,20,20,60,rod-good-d
rout-19,Krabby,20,20,37,rod-good-d
rout-19,Corsola,20,20,3,rod-good-d
rout-19,Magikarp,20,20,60,rod-good-n
rout-19,Krabby,20,20,37,rod-good-n
rout-19,Staryu,20,20,3,rod-good-n
rout-19,Krabby,40,40,67,rod-sup-d
rout-19,Corsola,40,40,30,rod-sup-d
rout-19,Kingler,40,40,3,rod-sup-d
rout-19,Krabby,40,40,67,rod-sup-n
rout-19,Staryu,40,40,30,rod-sup-n
rout-19,Kingler,40,40,3,rod-sup-n
rout-20,Tentacool,30,35,90,surf
rout-20,Tentacruel,35,35,10,surf
rout-20,Magikarp,10,10,95,rod-old
rout-20,Tentacool,10,10,5,rod-old
rout-20,Magikarp,20,20,60,rod-good
rout-20,Tentacool,20,20,30,rod-good
rout-20,Chinchou,20,20,7,rod-good
rout-20,Shellder,20,20,3,rod-good
rout-20,Chinchou,40,40,60,rod-sup
rout-20,Shellder,40,40,30,rod-sup
rout-20,Tentacruel,40,40,7,rod-sup
rout-20,Lanturn,40,40,3,rod-sup
rout-21,Tangela,20,30,95,walk-m
rout-21,Mr. Mime,28,28,5,walk-m
rout-21,Tangela,20,30,90,walk-d
rout-21,Mr. Mime,28,30,10,walk-d
rout-21,Tangela,20,30,95,walk-n
rout-21,Mr. Mime,28,28,5,walk-n
rout-21,Whismur,25,30,20,sou-hoen
rout-21,Linoone,35,35,20,sou-hoen
rout-21,Buizel,25,30,20,sou-shin
rout-21,Bidoof,35,35,20,sou-shin
rout-21,Hoothoot,,,,head
rout-21,Spinarak,,,,head
rout-21,Wurmple,,,,head
rout-21,Tentacool,30,35,90,surf
rout-21,Tentacruel,35,35,10,surf
rout-21,Magikarp,10,10,95,rod-old
rout-21,Tentacool,10,10,5,rod-old
rout-21,Magikarp,20,20,60,rod-good
rout-21,Tentacool,20,20,30,rod-good
rout-21,Chinchou,20,20,7,rod-good
rout-21,Shellder,20,20,3,rod-good
rout-21,Chinchou,40,40,60,rod-sup
rout-21,Shellder,40,40,30,rod-sup
rout-21,Tentacruel,40,40,7,rod-sup
rout-21,Lanturn,40,40,3,rod-sup
rout-22,Spearow,3,5,50,walk-d
rout-22,Rattata,3,3,30,walk-d
rout-22,Doduo,4,4,10,walk-d
rout-22,Fearow,7,7,5,walk-d
rout-22,Ponyta,6,6,5,walk-d
rout-22,Rattata,3,7,95,walk-n
rout-22,Ponyta,6,6,5,walk-n
rout-22,Whismur,25,30,20,sou-hoen
rout-22,Linoone,35,35,20,sou-hoen
rout-22,Buizel,25,30,20,sou-shin
rout-22,Bidoof,35,35,20,sou-shin
rout-22,Hoothoot,,,,head
rout-22,Spinarak,,,,head
rout-22,Pineco,,,,head
rout-22,Wurmple,,,,head
rout-22,Poliwag,5,10,90,surf
rout-22,Poliwhirl,10,10,10,surf
rout-22,Magikarp,10,10,95,rod-old
rout-22,Poliwag,10,10,5,rod-old
rout-22,Magikarp,20,20,60,rod-good
rout-22,Poliwag,20,20,40,rod-good
rout-22,Poliwag,40,40,93,rod-sup
rout-22,Magikarp,40,40,7,rod-sup
rout-24,Bellsprout,8,10,60,walk-m
rout-24,Abra,9,9,20,walk-m
rout-24,Weepinbell,12,14,15,walk-m
rout-24,Venonat,8,8,5,walk-m
rout-24,Bellsprout,8,8,35,walk-d
rout-24,Sunkern,10,10,30,walk-d
rout-24,Abra,10,10,20,walk-d
rout-24,Weepinbell,12,14,15,walk-d
rout-24,Venonat,8,8,30,walk-n
rout-24,Oddish,10,10,30,walk-n
rout-24,Abra,10,10,20,walk-n
rout-24,Weepinbell,12,12,10,walk-n
rout-24,Venomoth,14,14,5,walk-n
rout-24,Bellsprout,8,8,5,walk-n
rout-24,Whismur,8,10,20,sou-hoen
rout-24,Linoone,9,9,20,sou-hoen
rout-24,Buizel,8,10,20,sou-shin
rout-24,Bidoof,9,9,20,sou-shin
rout-24,Goldeen,5,10,90,surf
rout-24,Seaking,10,10,10,surf
rout-24,Magikarp,10,10,95,rod-old
rout-24,Goldeen,10,10,5,rod-old
rout-24,Magikarp,20,20,60,rod-good
rout-24,Goldeen,20,20,40,rod-good
rout-24,Goldeen,40,40,90,rod-sup
rout-24,Magikarp,40,40,7,rod-sup
rout-24,Seaking,40,40,3,rod-sup
rout-25,Pidgey,8,8,30,walk-m
rout-25,Bellsprout,10,10,30,walk-m
rout-25,Venonat,10,10,20,walk-m
rout-25,Abra,9,9,10,walk-m
rout-25,Pidgeotto,10,10,5,walk-m
rout-25,Weepinbell,14,14,5,walk-m
rout-25,Pidgey,8,8,30,walk-d
rout-25,Bellsprout,10,10,30,walk-d
rout-25,Abra,9,9,30,walk-d
rout-25,Pidgeotto,10,10,5,walk-d
rout-25,Weepinbell,14,14,5,walk-d
rout-25,,,,,
rout-25,Oddish,10,10,30,walk-n
rout-25,Venonat,8,8,30,walk-n
rout-25,Venomoth,8,8,20,walk-n
rout-25,Abra,9,9,10,walk-n
rout-25,Bellsprout,14,14,5,walk-n
rout-25,Weepinbell,10,10,5,walk-n
rout-25,Whismur,8,10,20,sou-hoen
rout-25,Linoone,8,8,20,sou-hoen
rout-25,Buizel,8,10,20,sou-shin
rout-25,Bidoof,8,8,20,sou-shin
rout-25,Buneary,8,10,40,swar
rout-25,Hoothoot,,,,head
rout-25,Combee,,,,head
rout-25,Slakoth,,,,head-sp
rout-25,Goldeen,5,10,90,surf
rout-25,Seaking,10,10,10,surf
rout-25,Magikarp,10,10,95,rod-old
rout-25,Goldeen,10,10,5,rod-old
rout-25,Magikarp,20,20,60,rod-good
rout-25,Goldeen,20,20,40,rod-good
rout-25,Goldeen,40,40,90,rod-sup
rout-25,Magikarp,40,40,7,rod-sup
rout-25,Seaking,40,40,3,rod-sup
rout-25,Suicune,40,40,,sp
rout-26,Doduo,28,30,40,walk-d
rout-26,Sandslash,28,28,30,walk-d
rout-26,Ponyta,32,32,20,walk-d
rout-26,Raticate,30,30,5,walk-d
rout-26,Dodrio,30,30,5,walk-d
rout-26,Raticate,28,30,40,walk-n
rout-26,Sandslash,28,28,30,walk-n
rout-26,Ponyta,32,32,20,walk-n
rout-26,Quagsire,30,30,10,walk-n
rout-26,Whismur,28,28,20,sou-hoen
rout-26,Linoone,32,32,20,sou-hoen
rout-26,Buizel,28,28,20,sou-shin
rout-26,Bidoof,32,32,20,sou-shin
rout-26,Exeggcute,,,,head
rout-26,Hoothoot,,,,head
rout-26,Spinarak,,,,head
rout-26,Pineco,,,,head
rout-26,Tentacool,25,30,90,surf
rout-26,Tentacruel,30,30,10,surf
rout-26,Magikarp,10,10,95,rod-old
rout-26,Tentacool,10,10,5,rod-old
rout-26,Magikarp,20,20,60,rod-good
rout-26,Tentacool,20,20,30,rod-good
rout-26,Chinchou,20,20,7,rod-sup
rout-26,Shellder,20,20,3,rod-sup
rout-26,Chinchou,40,40,60,rod-sup
rout-27,Doduo,28,30,50,walk-d
rout-27,Raticate,28,30,40,walk-d
rout-27,Sandslash,20,20,5,walk-d
rout-27,Ponyta,32,32,5,walk-d
rout-27,,,,,
rout-27,Quagsire,28,30,50,walk-n
rout-27,Raticate,28,30,40,walk-n
rout-27,Sandslash,20,20,5,walk-n
rout-27,Ponyta,32,32,5,walk-n
rout-27,Whismur,28,28,20,sou-hoen
rout-27,Linoone,30,30,20,sou-hoen
rout-27,Buizel,28,28,20,sou-shin
rout-27,Bidoof,30,30,20,sou-shin
rout-27,Exeggcute,,,,head
rout-27,Hoothoot,,,,head
rout-27,Spinarak,,,,head
rout-27,Pineco,,,,head
rout-27,Tentacool,15,20,90,surf
rout-27,Tentacruel,20,20,10,surf
rout-27,Luvdisc,20,20,60,swar
rout-27,Magikarp,10,10,95,rod-old
rout-27,Tentacool,10,10,5,rod-old
rout-27,Magikarp,20,20,60,rod-good
rout-27,Tentacool,20,20,30,rod-good
rout-27,Chinchou,20,20,7,rod-good
rout-27,Shellder,20,20,3,rod-good
rout-27,Chinchou,40,40,60,rod-sup
rout-27,Shellder,40,40,30,rod-sup
rout-27,Tentacruel,40,40,7,rod-sup
rout-27,Lanturn,40,40,3,rod-sup
rout-28,Ponyta,40,40,30,walk-d
rout-28,Tangela,39,39,30,walk-d
rout-28,Donphan,40,40,20,walk-d
rout-28,Rapidash,42,42,10,walk-d
rout-28,Doduo,41,41,5,walk-d
rout-28,Dodrio,43,43,5,walk-d
rout-28,Ponyta,40,40,30,walk-n
rout-28,Tangela,39,39,30,walk-n
rout-28,Donphan,40,40,20,walk-n
rout-28,Sneasel,42,42,10,walk-n
rout-28,Rapidash,41,43,10,walk-n
rout-28,Whismur,39,40,20,sou-hoen
rout-28,Linoone,40,40,20,sou-hoen
rout-28,Buizel,39,40,20,sou-shin
rout-28,Bidoof,40,40,20,sou-shin
rout-28,Natu,,,,head
rout-28,Aipom,,,,head
rout-28,Heracross,,,,head
rout-28,Poliwag,35,40,90,surf
rout-28,Poliwhirl,40,40,10,surf
rout-28,Magikarp,10,10,95,rod-old
rout-28,Poliwag,10,10,5,rod-old
rout-28,Magikarp,20,20,60,rod-good
rout-28,Poliwag,20,20,40,rod-good
rout-28,Poliwag,40,40,93,rod-sup
rout-28,Magikarp,40,40,7,rod-sup
rout-29,Pidgey,2,4,55,walk-d
rout-29,Sentret,2,3,40,walk-d
rout-29,Rattata,4,4,5,walk-d
rout-29,Hoothoot,2,4,85,walk-n
rout-29,Rattata,2,4,15,walk-n
rout-29,Plusle,2,3,20,sou-hoen
rout-29,Minun,3,3,20,sou-hoen
rout-29,Shinx,2,3,40,sou-shin
rout-29,Exeggcute,,,,head
rout-29,Hoothoot,,,,head
rout-29,Spinarak,,,,head
rout-29,Pineco,,,,head
rout-30,Caterpie,3,4,50,walk-m
rout-30,Pidgey,2,4,40,walk-m
rout-30,Metapod,4,4,10,walk-m
rout-30,,,,,
rout-30,Pidgey,2,4,50,walk-d
rout-30,Caterpie,2,4,35,walk-d
rout-30,Metapod,4,4,15,walk-d
rout-30,Rattata,3,4,40,walk-n
rout-30,Hoothoot,4,4,30,walk-n
rout-30,Spinarak,2,2,30,walk-n
rout-30,Whismur,3,3,20,sou-hoen
rout-30,Linoone,4,4,20,sou-hoen
rout-30,Bidoof,4,4,20,sou-shin
rout-30,Buizel,2,3,20,sou-shin
rout-30,Exeggcute,,,,head
rout-30,Hoothoot,,,,head
rout-30,Spinarak,,,,head
rout-30,Pineco,,,,head
rout-30,Poliwag,10,25,90,surf
rout-30,Poliwhirl,15,32,10,surf
rout-30,Magikarp,10,10,95,rod-old
rout-30,Poliwag,10,10,5,rod-old
rout-30,Magikarp,20,20,60,rod-good
rout-30,Poliwag,20,20,40,rod-good
rout-30,Poliwag,40,40,93,rod-sup
rout-30,Magikarp,40,40,7,rod-sup
rout-31,Caterpie,4,5,35,walk-m
rout-31,Pidgey,3,3,30,walk-m
rout-31,Bellsprout,3,3,20,walk-m
rout-31,Metapod ,5,5,15 ,walk-m
rout-31,,,,,
rout-31,Caterpie,4,5,35,walk-d
rout-31,Pidgey,3,3,30,walk-d
rout-31,Bellsprout,3,3,20,walk-d
rout-31,Metapod ,5,5,15 ,walk-d
rout-31,Rattata,4,5,40,walk-n
rout-31,Spinarak,3,3,30,walk-n
rout-31,Bellsprout,3,3,20,walk-n
rout-31,Hoothoot ,5,5,10 ,walk-n
rout-31,Whismur,3,4,20 ,sou-hoen
rout-31,Linoone,3,3,20 ,sou-hoen
rout-31,Bidoof,3,3,20 ,sou-shin
rout-31,Buizel ,4,4,20 ,sou-shin
rout-31,Exeggcute,,,,head
rout-31,Hoothoot,,,,head
rout-31,Spinarak,,,,head
rout-31,Pineco,,,,head
rout-31,Poliwag,10,25,90,surf
rout-31,Poliwhirl ,15,32,10 ,surf
rout-31,Magikarp,10,10,95,rod-old
rout-31,Poliwag ,10,10,5 ,rod-old
rout-31,Magikarp,20,20,60,rod-good
rout-31,Poliwag ,20,20,40 ,rod-good
rout-31,Poliwag,40,40,93,rod-sup
rout-31,Magikarp ,40,40,7,rod-sup
rout-32,Rattata,4,6,35,walk-m
rout-32,Bellsprout,6,6,30,walk-m
rout-32,Mareep,6,6,20,walk-m
rout-32,Hoppip,6,6,10,walk-m
rout-32,Zubat ,4,4,5 ,walk-m
rout-32,,,,,
rout-32,Rattata,4,6,40,walk-d
rout-32,Bellsprout,6,6,30,walk-d
rout-32,Mareep,6,6,20,walk-d
rout-32,Hoppip ,6,6,10 ,walk-d
rout-32,,,,,
rout-32,Wooper,6,6,35,walk-n
rout-32,Rattata,4,4,30,walk-n
rout-32,Bellsprout,6,6,20,walk-n
rout-32,Mareep,6,6,10,walk-n
rout-32,Zubat ,4,4,5 ,walk-n
rout-32,Whismur,4,6,20 ,sou-hoen
rout-32,Linoone,6,6,20 ,sou-hoen
rout-32,Bidoof,6,6,20 ,sou-shin
rout-32,Buizel ,4,6,20 ,sou-shin
rout-32,Exeggcute,,,,head
rout-32,Hoothoot,,,,head
rout-32,Pineco,,,,head
rout-32,Tentacool,10,20,60,surf
rout-32,Quagsire,15,25,30,surf
rout-32,Tentacruel ,15,36,10 ,surf
rout-32,Magikarp,10,10,95,rod-old
rout-32,Tentacool ,10,10,5 ,rod-old
rout-32,Magikarp,20,20,60,rod-good
rout-32,Tentacool,20,20,38,rod-good
rout-32,Qwilfish ,20,20,2 ,rod-good
rout-32,Tentacool,40,40,90,rod-sup
rout-32,Magikarp,40,40,7,rod-sup
rout-32,Qwilfish ,40,40,3 ,rod-sup
rout-32,Qwilfish ,20,40,90,swar
rout-33,Rattata,6,7,40,walk-m
rout-33,Hoppip,6,8,35,walk-m
rout-33,Spearow,6,6,20,walk-m
rout-33,Zubat ,4,4,5 ,walk-m
rout-33,,,,,
rout-33,Rattata,4,7,45,walk-d
rout-33,Hoppip,6,8,35,walk-d
rout-33,Spearow ,6,6,20 ,walk-d
rout-33,,,,,
rout-33,Rattata,4,7,60,walk-n
rout-33,Zubat,4,8,40,walk-n
rout-33,,,,,
rout-33,Plusle,6,7,20,sou-hoen
rout-33,Minun,6,6,20,sou-hoen
rout-33,Shinx,6,7,40,sou-shin
rout-33,Spearow,,,,head
rout-33,Aipom,,,,head
rout-33,Heracross,,,,head
rout-34,Drowzee,10,12,50,walk
rout-34,Rattata,11,13,35,walk
rout-34,Abra,10,10,10,walk
rout-34,Ditto ,10,10,5 ,walk
rout-34,Whismur,10,11,20 ,sou-hoen
rout-34,Linoone,12,12,20 ,sou-hoen
rout-34,Bidoof,12,12,20 ,sou-shin
rout-34,Buizel ,10,11,20 ,sou-shin
rout-34,Ralts ,10,11,40 ,swar
rout-34,Exeggcute,,,,head
rout-34,Hoothoot,,,,head
rout-34,Spinarak,,,,head
rout-34,Pineco,,,,head
rout-34,Tentacool,10,25,90,surf
rout-34,Tentacruel ,15,29,10 ,surf
rout-34,Magikarp,10,10,95,rod-old
rout-34,Krabby ,10,10,5 ,rod-old
rout-34,Magikarp,20,20,60,rod-good-d
rout-34,Krabby,20,20,37,rod-good-d
rout-34,Corsola ,20,20,3 ,rod-good-d
rout-34,Magikarp,20,20,60,rod-good-n
rout-34,Krabby,20,20,37,rod-good-n
rout-34,Staryu ,20,20,3 ,rod-good-n
rout-34,Krabby,40,40,67,rod-sup-d
rout-34,Corsola,40,40,30,rod-sup-d
rout-34,Kingler ,40,40,3 ,rod-sup-d
rout-34,Krabby,40,40,67,rod-sup-n
rout-34,Staryu,40,40,30,rod-sup-n
rout-34,Kingler ,40,40,3,rod-sup-n
rout-35,Nidoran♀,12,12,30,walk-d
rout-35,Nidoran♂,12,12,30,walk-d
rout-35,Drowzee,14,14,20,walk-d
rout-35,Abra,10,10,10,walk-d
rout-35,Pidgey,14,14,5,walk-d
rout-35,Ditto,10,10,4,walk-d
rout-35,Yanma ,12,12,1,walk-d
rout-35,Nidoran♀,12,12,30,walk-n
rout-35,Nidoran♂,12,12,30,walk-n
rout-35,Drowzee,14,14,20,walk-n
rout-35,Abra,10,10,10,walk-n
rout-35,Hoothoot,14,14,5,walk-n
rout-35,Ditto,10,10,4,walk-n
rout-35,Yanma ,12,12,1,walk-n
rout-35,Whismur,12,12,20 ,sou-hoen
rout-35,Linoone,14,14,20 ,sou-hoen
rout-35,Bidoof,14,14,20 ,sou-shin
rout-35,Buizel ,12,12,20 ,sou-shin
rout-35,Yanma,12,12,40,swar
rout-35,Exeggcute,,,,head
rout-35,Hoothoot,,,,head
rout-35,Spinarak,,,,head
rout-35,Pineco,,,,head
rout-35,Psyduck,5,20,90,surf
rout-35,Golduck ,10,20,10 ,surf
rout-35,Magikarp,10,10,95,rod-old
rout-35,Poliwag ,10,10,5 ,rod-old
rout-35,Magikarp,20,20,60,rod-good
rout-35,Poliwag ,20,20,40 ,rod-good
rout-35,Poliwag,40,40,93,rod-sup
rout-35,Magikarp ,40,40,7,rod-sup
rout-36,Nidoran♀,12,12,30,walk-m
rout-36,Nidoran♂,12,12,30,walk-m
rout-36,Pidgey,13,15,25,walk-m
rout-36,Growlithe,13,13,10,walk-m
rout-36,Stantler,13,13,5,walk-m
rout-36,Nidoran♀,12,12,30,walk-d
rout-36,Nidoran♂,12,12,30,walk-d
rout-36,Pidgey,13,15,20,walk-d
rout-36,Growlithe,13,15,15,walk-d
rout-36,Stantler,13,13,5,walk-d
rout-36,Nidoran♀,12,12,30,walk-n
rout-36,Nidoran♂,12,12,30,walk-n
rout-36,Hoothoot,13,15,25,walk-n
rout-36,Growlithe,13,13,10,walk-n
rout-36,Stantler,13,13,5,walk-n
rout-36,Plusle,12,12,20,sou-hoen
rout-36,Minun,13,13,20,sou-hoen
rout-36,Shinx,12,13,40,sou-shin
rout-36,Exeggcute,,,,head
rout-36,Hoothoot,,,,head
rout-36,Spinarak,,,,head
rout-36,Pineco,,,,head
rout-36,Sudowoodo,20,20,,sp
rout-37,Pidgey,13,15,60,walk-m
rout-37,Stantler,15,15,30,walk-m
rout-37,Growlithe,14,14,10,walk-m
rout-37,,,,,
rout-37,Pidgey,13,15,50,walk-d
rout-37,Stantler,15,15,30,walk-d
rout-37,Growlithe,14,15,15,walk-d
rout-37,Pidgeotto,15,15,5,walk-d
rout-37,Spinarak,13,15,40,walk-n
rout-37,Stantler,15,15,30,walk-n
rout-37,Hoothoot,15,15,20,walk-n
rout-37,Growlithe,14,14,10,walk-n
rout-37,Plusle,13,15,20,sou-hoen
rout-37,Minun,15,15,20,sou-hoen
rout-37,Shinx,13,15,40,sou-shin
rout-37,Exeggcute,,,,head
rout-37,Hoothoot,,,,head
rout-37,Spinarak,,,,head
rout-37,Pineco,,,,head
rout-38,Rattata,16,16,30,walk-d
rout-38,Raticate,16,16,30,walk-d
rout-38,Magnemite,16,16,20,walk-d
rout-38,Farfetch'd,16,16,10,walk-d
rout-38,Miltank,13,13,5,walk-d
rout-38,Tauros,13,13,4,walk-d
rout-38,Snubbull,13,13,1,walk-d
rout-38,Rattata,16,16,40,walk-n
rout-38,Raticate,16,16,30,walk-n
rout-38,Magnemite,16,16,20,walk-n
rout-38,Miltank,13,13,5,walk-n
rout-38,Tauros,13,13,4,walk-n
rout-38,Snubbull,13,13,1,walk-n
rout-38,Plusle,16,16,20,sou-hoen
rout-38,Minun,16,16,20,sou-hoen
rout-38,Shinx,16,16,40,sou-shin
rout-38,Snubbull,13,16,40,swar
rout-38,Exeggcute,,,,head
rout-38,Hoothoot,,,,head
rout-38,Spinarak,,,,head
rout-38,Pineco,,,,head
rout-38,Burmy,,,,head-sp
rout-39,Rattata,16,16,30,walk-d
rout-39,Raticate,16,16,30,walk-d
rout-39,Magnemite,16,16,20,walk-d
rout-39,Farfetch'd,16,16,10,walk-d
rout-39,Miltank,13,13,5,walk-d
rout-39,Tauros,13,13,5,walk-d
rout-39,Rattata,16,16,40,walk-n
rout-39,Raticate,16,16,30,walk-n
rout-39,Magnemite,16,16,20,walk-n
rout-39,Miltank,13,13,5,walk-n
rout-39,Tauros,13,13,5,walk-n
rout-39,Plusle,16,17,20,sou-hoen
rout-39,Minun,16,16,20,sou-hoen
rout-39,Shinx,16,17,40,sou-shin
rout-39,Exeggcute,,,,head
rout-39,Hoothoot,,,,head
rout-39,Spinarak,,,,head
rout-39,Pineco,,,,head
rout-40,Tentacool,10,25,90,surf
rout-40,Tentacruel,15,29,10,surf
rout-40,Magikarp,10,10,95,rod-old
rout-40,Krabby,10,10,5,rod-old
rout-40,Magikarp,20,20,60,rod-good-d
rout-40,Krabby,20,20,37,rod-good-d
rout-40,Corsola,20,20,3,rod-good-d
rout-40,Magikarp,20,20,60,rod-good-n
rout-40,Krabby,20,20,37,rod-good-n
rout-40,Staryu,20,20,3,rod-good-n
rout-40,Krabby,40,40,67,rod-sup-d
rout-40,Corsola,40,40,30,rod-sup-d
rout-40,Kingler,40,40,3,rod-sup-d
rout-40,Krabby,40,40,67,rod-sup-n
rout-40,Staryu,40,40,30,rod-sup-n
rout-40,Kingler,40,40,3,rod-sup-n
rout-41,Tentacool,15,25,60,surf
rout-41,Tentacruel,15,25,30,surf
rout-41,Mantine,15,25,10,surf
rout-41,Magikarp,10,10,95,rod-old
rout-41,Tentacool,10,10,5,rod-old
rout-41,Magikarp,20,20,60,rod-good
rout-41,Tentacool,20,20,30,rod-good
rout-41,Chinchou,20,20,7,rod-good
rout-41,Shellder,20,20,3,rod-good
rout-41,Chinchou,40,40,60,rod-sup
rout-41,Shellder,40,40,30,rod-sup
rout-41,Tentacruel,40,40,7,rod-sup
rout-41,Lanturn,40,40,3,rod-sup
rout-42,Spearow,14,16,30,walk-d
rout-42,Mankey,15,15,30,walk-d
rout-42,Mareep,13,13,30,walk-d
rout-42,Flaaffy,15,17,10,walk-d
rout-42,Zubat,14,16,30,walk-n
rout-42,Mankey,15,15,30,walk-n
rout-42,Mareep,13,13,30,walk-n
rout-42,Flaaffy,15,17,10,walk-n
rout-42,Whismur,13,14,20,sou-hoen
rout-42,Linoone,14,14,20,sou-hoen
rout-42,Bidoof,14,14,20,sou-shin
rout-42,Buizel,13,14,20,sou-shin
rout-42,Spearow,,,,head
rout-42,Aipom,,,,head
rout-42,Heracross,,,,head
rout-42,Goldeen,10,25,90,surf
rout-42,Seaking,15,25,10,surf
rout-42,Magikarp,10,10,95,rod-old
rout-42,Goldeen,10,10,5,rod-old
rout-42,Magikarp,20,20,60,rod-good
rout-42,Goldeen,20,20,40,rod-good
rout-42,Goldeen,40,40,90,rod-sup
rout-42,Magikarp,40,40,7,rod-sup
rout-42,Seaking,40,40,3,rod-sup
rout-43,Flaaffy,15,15,30,walk-m
rout-43,Girafarig,15,15,30,walk-m
rout-43,Pidgeotto,17,17,25,walk-m
rout-43,Mareep,15,15,10,walk-m
rout-43,Venonat,16,16,5,walk-m
rout-43,Flaaffy,15,17,40,walk-d
rout-43,Girafarig,15,15,30,walk-d
rout-43,Pidgeotto,17,17,20,walk-d
rout-43,Mareep,15,15,10,walk-d
rout-43,Flaaffy,15,15,30,walk-n
rout-43,Girafarig,15,15,30,walk-n
rout-43,Noctowl,17,17,20,walk-n
rout-43,Venonat,15,17,15,walk-n
rout-43,Mareep,16,16,5,walk-n
rout-43,Whismur,15,15,20,sou-hoen
rout-43,Linoone,17,17,20,sou-hoen
rout-43,Bidoof,17,17,20,sou-shin
rout-43,Buizel,15,15,20,sou-shin
rout-43,Venonat,,,,head
rout-43,Exeggcute,,,,head
rout-43,Hoothoot,,,,head
rout-43,Pineco,,,,head
rout-43,Magikarp,5,50,100,surf
rout-43,Magikarp,10,10,95,rod-old
rout-43,Poliwag,10,10,5,rod-old
rout-43,Magikarp,20,20,60,rod-good
rout-43,Poliwag,20,20,40,rod-good
rout-43,Poliwag,40,40,93,rod-sup
rout-43,Magikarp,40,40,7,rod-sup
rout-44,Weepinbell,22,24,35,walk
rout-44,Tangela,23,23,30,walk
rout-44,Bellsprout,22,22,20,walk
rout-44,Lickitung,24,26,15,walk
rout-44,Whismur,22,23,20,sou-hoen
rout-44,Linoone,22,22,20,sou-hoen
rout-44,Bidoof,22,23,20,sou-shin
rout-44,Buizel,22,22,20,sou-shin
rout-44,Spearow,,,,head
rout-44,Aipom,,,,head
rout-44,Heracross,,,,head
rout-44,Poliwag,10,25,90,surf
rout-44,Poliwhirl,15,32,10,surf
rout-44,Magikarp,10,10,95,rod-old
rout-44,Poliwag,10,10,5,rod-old
rout-44,Magikarp,20,20,60,rod-good
rout-44,Poliwag,20,20,38,rod-good
rout-44,Remoraid,20,20,2,rod-good
rout-44,Poliwag,40,40,90,rod-sup
rout-44,Magikarp,40,40,7,rod-sup
rout-44,Remoraid,40,40,3,rod-sup
rout-44,Remoraid,10,40,90,swar
rout-45,Graveler,23,27,40,walk
rout-45,Geodude,23,23,30,walk
rout-45,Gligar,24,24,20,walk
rout-45,Phanpy,20,20,10,walk
rout-45,Whismur,23,23,20,sou-hoen
rout-45,Linoone,24,24,20,sou-hoen
rout-45,Bidoof,23,23,20,sou-shin
rout-45,Buizel,24,24,20,sou-shin
rout-45,Swablu,23,23,40,swar
rout-45,Spearow,,,,head
rout-45,Aipom,,,,head
rout-45,Heracross,,,,head
rout-45,Magikarp,2,20,100,surf
rout-45,Magikarp,10,10,95,rod-old
rout-45,Poliwag,10,10,5,rod-old
rout-45,Magikarp,20,20,60,rod-good
rout-45,Poliwag,20,20,40,rod-good
rout-45,Poliwag,40,40,93,rod-sup
rout-45,Magikarp,40,40,7,rod-sup
rout-46,Geodude,2,3,40,walk-d
rout-46,Spearow,2,3,35,walk-d
rout-46,Rattata,2,4,25,walk-d
rout-46,Rattata,2,4,55,walk-n
rout-46,Geodude,2,3,45,walk-n
rout-46,Plusle,2,3,20,sou-hoen
rout-46,Minun,2,2,20,sou-hoen
rout-46,Shinx,2,3,40,sou-shin
rout-46,Ekans,,,,head
rout-46,Aipom,,,,head
rout-46,Heracross,,,,head
rout-47,Ditto,31,40,41,walk-d
rout-47,Farfetch'd,35,35,20,walk-d
rout-47,Miltank,35,35,20,walk-d
rout-47,Raticate,31,33,5,walk-d
rout-47,Spearow,31,31,5,walk-d
rout-47,Gloom,32,32,5,walk-d
rout-47,Fearow,34,34,4,walk-d
rout-47,Ditto,31,40,41,walk-n
rout-47,Noctowl,35,35,20,walk-n
rout-47,Miltank,35,35,20,walk-n
rout-47,Raticate,31,33,5,walk-n
rout-47,Spearow,31,31,5,walk-n
rout-47,Gloom,32,32,5,walk-n
rout-47,Fearow,34,34,4,walk-n
rout-47,Whismur,33,34,20,sou-hoen
rout-47,Linoone,31,32,20,sou-hoen
rout-47,Bidoof,33,34,20,sou-shin
rout-47,Buizel,31,32,20,sou-shin
rout-47,Ditto,35,35,40,swar
rout-47,Exeggcute,,,,head
rout-47,Hoothoot,,,,head
rout-47,Spinarak,,,,head
rout-47,Pineco,,,,head
rout-47,Heracross,,,,head
rout-47,Metapod,,,,head
rout-47,Butterfree,,,,head
rout-47,Tentacool,15,25,60,surf
rout-47,Seel,10,20,30,surf
rout-47,Staryu,15,25,10,surf
rout-47,Magikarp,10,10,95,rod-old
rout-47,Tentacool,10,10,5,rod-old
rout-47,Magikarp,20,20,60,rod-good
rout-47,Tentacool,20,20,30,rod-good
rout-47,Chinchou,20,20,7,rod-good
rout-47,Shellder,20,20,3,rod-good
rout-47,Chinchou,40,40,60,rod-sup
rout-47,Shellder,40,40,30,rod-sup
rout-47,Tentacruel,40,40,7,rod-sup
rout-47,Lanturn,40,40,3,rod-sup
rout-48,Tauros,20,20,21,walk-d
rout-48,Gloom,22,24,20,walk-d
rout-48,Farfetch'd,25,25,20,walk-d
rout-48,Hoppip,20,20,11,walk-d
rout-48,Fearow,21,21,10,walk-d
rout-48,Growlithe,21,21,9,walk-d
rout-48,Girafarig,20,20,5,walk-d
rout-48,Diglett ,20,20,4 ,walk-d
rout-48,Growlithe,21,25,29,walk-n
rout-48,Tauros,20,20,21,walk-n
rout-48,Gloom,22,24,20,walk-n
rout-48,Hoppip,20,20,11,walk-n
rout-48,Fearow,21,21,10,walk-n
rout-48,Girafarig,20,20,5,walk-n
rout-48,Diglett ,20,20,4 ,walk-n
rout-48,Plusle,20,21,20 ,sou-hoen
rout-48,Minun,22,24,20,sou-hoen
rout-48,Shinx ,20,24,40,sou-shin
rout-48,Exeggcute,,,,head
rout-48,Hoothoot,,,,head
rout-48,Spinarak,,,,head
rout-48,Pineco,,,,head
dngn-dark-31,Geodude,2,4,60,walk
dngn-dark-31,Zubat,2,4,39,walk
dngn-dark-31,Dunsparce ,4,4,1 ,walk
dngn-dark-31,Absol,2,3,20 ,sou-hoen
dngn-dark-31,Makuhita,2,2,20 ,sou-hoen
dngn-dark-31,Bronzor,2,3,20 ,sou-shin
dngn-dark-31,Chingling ,2,2,20 ,sou-shin
dngn-dark-31,Dunsparce ,2,4,40 ,swar
dngn-dark-31,Dunsparce,4,8,90,rock
dngn-dark-31,Geodude ,8,14,10 ,rock
dngn-dark-31,Magikarp ,2,20,100 ,surf
dngn-dark-31,Magikarp,10,10,95,rod-old
dngn-dark-31,Goldeen ,10,10,5 ,rod-old
dngn-dark-31,Magikarp,20,20,60,rod-good
dngn-dark-31,Goldeen ,20,20,40 ,rod-good
dngn-dark-31,Goldeen,40,40,90,rod-sup
dngn-dark-31,Magikarp,40,40,7,rod-sup
dngn-dark-31,Seaking ,40,40,3,rod-sup
dngn-dark-45,Geodude,23,23,30,walk
dngn-dark-45,Zubat,23,23,30,walk
dngn-dark-45,Graveler,25,25,20,walk
dngn-dark-45,Wobbuffet,20,25,15,walk
dngn-dark-45,Golbat,23,23,5,walk
dngn-dark-45,Absol,23,23,20,sou-hoen
dngn-dark-45,Makuhita,25,25,20,sou-hoen
dngn-dark-45,Bronzor,23,23,20,sou-shin
dngn-dark-45,Chingling,25,25,20,sou-shin
dngn-dark-45,Magikarp,2,20,100,surf
dngn-dark-45,Magikarp,10,10,95,rod-old
dngn-dark-45,Goldeen,10,10,5,rod-old
dngn-dark-45,Magikarp,20,20,60,rod-good
dngn-dark-45,Goldeen,20,20,40,rod-good
dngn-dark-45,Goldeen,40,40,90,rod-sup
dngn-dark-45,Magikarp,40,40,7,rod-sup
dngn-dark-45,Seaking,40,40,3,rod-sup
dngn-spro-2f,Rattata,3,6,100,walk-d
dngn-spro-2f,Gastly,3,6,85,walk-n
dngn-spro-2f,Rattata,3,5,15,walk-n
dngn-spro-2f,Zigzagoon,3,4,20,sou-hoen
dngn-spro-2f,Spinda,5,5,20,sou-hoen
dngn-spro-2f,Chatot,3,4,20,sou-shin
dngn-spro-2f,Meditite,5,5,20,sou-shin
dngn-spro-3f,Rattata,3,6,100,walk-d
dngn-spro-3f,Gastly,3,6,85,walk-n
dngn-spro-3f,Rattata,3,5,15,walk-n
dngn-spro-3f,Zigzagoon,3,4,20,sou-hoen
dngn-spro-3f,Spinda,5,5,20,sou-hoen
dngn-spro-3f,Chatot,3,4,20,sou-shin
dngn-spro-3f,Meditite,5,5,20,sou-shin
dngn-alph-out,Natu,18,24,90,walk
dngn-alph-out,Smeargle,20,22,10,walk
dngn-alph-out,Whismur,20,22,20,sou-hoen
dngn-alph-out,Linoone,18,18,20,sou-hoen
dngn-alph-out,Bidoof,18,18,20,sou-shin
dngn-alph-out,Buizel,20,22,20,sou-shin
dngn-alph-out,Geodude,3,14,100,rock
dngn-alph-out,Wooper,10,20,60,surf
dngn-alph-out,Quagsire,10,25,40,surf
dngn-alph-out,Magikarp,10,10,95,rod-old
dngn-alph-out,Poliwag,10,10,5,rod-old
dngn-alph-out,Magikarp,20,20,60,rod-good
dngn-alph-out,Poliwag,20,20,40,rod-good
dngn-alph-out,Poliwag,40,40,93,rod-sup
dngn-alph-out,Magikarp,40,40,7,rod-sup
dngn-alph-ins,Unown,5,5,100,walk
dngn-unio-1f,Geodude,6,6,30,walk
dngn-unio-1f,Sandshrew,6,6,30,walk
dngn-unio-1f,Zubat,5,7,25,walk
dngn-unio-1f,Rattata,4,4,10,walk
dngn-unio-1f,Onix,6,6,5,walk
dngn-unio-1f,Absol,6,6,20,sou-hoen
dngn-unio-1f,Makuhita,5,5,20,sou-hoen
dngn-unio-1f,Bronzor,6,6,20,sou-shin
dngn-unio-1f,Chingling,5,5,20,sou-shin
dngn-unio-1f,Wooper,10,20,60,surf
dngn-unio-1f,Quagsire,10,25,40,surf
dngn-unio-1f,Magikarp,10,10,95,rod-old
dngn-unio-1f,Goldeen,10,10,5,rod-old
dngn-unio-1f,Magikarp,20,20,60,rod-good
dngn-unio-1f,Goldeen,20,20,40,rod-good
dngn-unio-1f,Goldeen,40,40,90,rod-sup
dngn-unio-1f,Magikarp,40,40,7,rod-sup
dngn-unio-1f,Seaking,40,40,3,rod-sup
dngn-unio-b1f,Geodude,8,8,30,walk
dngn-unio-b1f,Sandshrew,8,8,30,walk
dngn-unio-b1f,Zubat,7,9,25,walk
dngn-unio-b1f,Onix,8,8,10,walk
dngn-unio-b1f,Rattata,6,6,5,walk
dngn-unio-b1f,Absol,8,8,20,sou-hoen
dngn-unio-b1f,Makuhita,7,7,20,sou-hoen
dngn-unio-b1f,Bronzor,8,8,20,sou-shin
dngn-unio-b1f,Chingling,7,7,20,sou-shin
dngn-unio-b1f,Wooper,10,20,60,surf
dngn-unio-b1f,Quagsire,10,25,40,surf
dngn-unio-b1f,Magikarp,10,10,95,rod-old
dngn-unio-b1f,Goldeen,10,10,5,rod-old
dngn-unio-b1f,Magikarp,20,20,60,rod-good
dngn-unio-b1f,Goldeen,20,20,40,rod-good
dngn-unio-b1f,Goldeen,40,40,90,rod-sup
dngn-unio-b1f,Magikarp,40,40,7,rod-sup
dngn-unio-b1f,Seaking,40,40,3,rod-sup
dngn-unio-b2f,Zubat,22,22,30,walk
dngn-unio-b2f,Raticate,22,22,30,walk
dngn-unio-b2f,Golbat,22,22,20,walk
dngn-unio-b2f,Geodude,21,21,10,walk
dngn-unio-b2f,Rattata,20,20,5,walk
dngn-unio-b2f,Onix,23,23,5,walk
dngn-unio-b2f,Absol,22,22,20,sou-hoen
dngn-unio-b2f,Makuhita,22,22,20,sou-hoen
dngn-unio-b2f,Bronzor,22,22,20,sou-shin
dngn-unio-b2f,Chingling,22,22,20,sou-shin
dngn-unio-b2f,Tentacool,10,20,60,surf
dngn-unio-b2f,Quagsire,15,25,30,surf
dngn-unio-b2f,Tentacruel,15,25,10,surf
dngn-unio-b2f,Magikarp,10,10,95,rod-old
dngn-unio-b2f,Krabby,10,10,5,rod-old
dngn-unio-b2f,Magikarp,25,25,60,rod-good-d
dngn-unio-b2f,Krabby,25,25,37,rod-good-d
dngn-unio-b2f,Corsola,25,25,3,rod-good-d
dngn-unio-b2f,Magikarp,25,25,60,rod-good-n
dngn-unio-b2f,Krabby,25,25,37,rod-good-n
dngn-unio-b2f,Staryu,25,25,3,rod-good-n
dngn-unio-b2f,Krabby,40,40,67,rod-sup-d
dngn-unio-b2f,Corsola,40,40,30,rod-sup-d
dngn-unio-b2f,Kingler,40,40,3,rod-sup-d
dngn-unio-b2f,Krabby,40,40,67,rod-sup-n
dngn-unio-b2f,Staryu,40,40,30,rod-sup-n
dngn-unio-b2f,Kingler,40,40,3,rod-sup-n
dngn-unio-b2f,Lapras,20,20,,sp
dngn-well-1f,Zubat,5,8,85,walk
dngn-well-1f,Slowpoke,6,8,15,walk
dngn-well-1f,Absol,5,6,20,sou-hoen
dngn-well-1f,Makuhita,7,7,20,sou-hoen
dngn-well-1f,Bronzor,5,6,20,sou-shin
dngn-well-1f,Chingling,7,7,20,sou-shin
dngn-well-1f,Slowpoke,5,25,100,surf
dngn-well-1f,Magikarp,10,10,95,rod-old
dngn-well-1f,Goldeen,10,10,5,rod-old
dngn-well-1f,Magikarp,20,20,60,rod-good
dngn-well-1f,Goldeen,20,20,40,rod-good
dngn-well-1f,Goldeen,40,40,90,rod-sup
dngn-well-1f,Magikarp,40,40,7,rod-sup
dngn-well-1f,Seaking,40,40,3,rod-sup
dngn-well-b1f,Zubat,19,23,80,walk
dngn-well-b1f,Slowpoke,21,23,15,walk
dngn-well-b1f,Golbat,23,23,5,walk
dngn-well-b1f,Absol,21,23,20,sou-hoen
dngn-well-b1f,Makuhita,19,19,20,sou-hoen
dngn-well-b1f,Bronzor,21,23,20,sou-shin
dngn-well-b1f,Chingling,19,19,20,sou-shin
dngn-well-b1f,Slowpoke,10,25,90,surf
dngn-well-b1f,Slowbro,15,30,10,surf
dngn-well-b1f,Magikarp,10,10,95,rod-old
dngn-well-b1f,Goldeen,10,10,5,rod-old
dngn-well-b1f,Magikarp,20,20,60,rod-good
dngn-well-b1f,Goldeen,20,20,40,rod-good
dngn-well-b1f,Goldeen,40,40,90,rod-sup
dngn-well-b1f,Magikarp,40,40,7,rod-sup
dngn-well-b1f,Seaking,40,40,3,rod-sup
dngn-ilex,Caterpie,5,6,50,walk-m
dngn-ilex,Metapod,6,6,30,walk-m
dngn-ilex,Paras,5,6,15,walk-m
dngn-ilex,Zubat,5,5,5,walk-m
dngn-ilex,Caterpie,5,6,60,walk-d
dngn-ilex,Metapod,5,6,30,walk-d
dngn-ilex,Zubat,5,5,5,walk-d
dngn-ilex,Paras,6,6,5,walk-d
dngn-ilex,Oddish,5,6,60,walk-n
dngn-ilex,Zubat,5,6,25,walk-n
dngn-ilex,Paras,5,6,15,walk-n
dngn-ilex,Spoink,5,6,20,sou-hoen
dngn-ilex,Numel,6,6,20,sou-hoen
dngn-ilex,Budew,5,6,20,sou-shin
dngn-ilex,Carnivine,6,6,20,sou-shin
dngn-ilex,Caterpie,,,,head
dngn-ilex,Metapod,,,,head
dngn-ilex,Butterfree,,,,head
dngn-ilex,Hoothoot,,,,head
dngn-ilex,Noctowl,,,,head
dngn-ilex,Pineco,,,,head
dngn-ilex,Psyduck,5,20,90,surf
dngn-ilex,Golduck,10,20,10,surf
dngn-ilex,Magikarp,10,10,95,rod-old
dngn-ilex,Poliwag,10,10,5,rod-old
dngn-ilex,Magikarp,20,20,60,rod-good
dngn-ilex,Poliwag,20,20,40,rod-good
dngn-ilex,Poliwag,40,40,93,rod-sup
dngn-ilex,Magikarp,40,40,7,rod-sup
dngn-park-main,Caterpie,10,12,50,walk-m
dngn-park-main,Metapod,10,10,30,walk-m
dngn-park-main,Pidgey,10,14,20,walk-m
dngn-park-main,Caterpie,10,10,30,walk-d
dngn-park-main,Metapod,10,10,30,walk-d
dngn-park-main,Sunkern,12,12,25,walk-d
dngn-park-main,Pidgey,12,14,15,walk-d
dngn-park-main,Hoothoot,10,14,100,walk-n
dngn-park-main,Plusle,10,10,20,sou-hoen
dngn-park-main,Minun,12,12,20,sou-hoen
dngn-park-main,Shinx,10,12,40,sou-shin
dngn-park-main,Exeggcute,,,,head
dngn-park-main,Hoothoot,,,,head
dngn-park-main,Spinarak,,,,head
dngn-park-main,Pineco,,,,head
dngn-park-main,Cherubi,,,,head-sp
dngn-park-pre,Caterpie,7,18,20,walk
dngn-park-pre,Weedle,7,18,20,walk
dngn-park-pre,Metapod,9,18,10,walk
dngn-park-pre,Kakuna,9,18,10,walk
dngn-park-pre,Paras,10,17,10,walk
dngn-park-pre,Venonat,10,16,10,walk
dngn-park-pre,Butterfree,12,15,5,walk
dngn-park-pre,Beedrill,12,15,5,walk
dngn-park-pre,Scyther,13,14,5,walk
dngn-park-pre,Pinsir,13,14,5,walk
dngn-park-tue,Caterpie,24,36,20,walk
dngn-park-tue,Weedle,24,36,20,walk
dngn-park-tue,Metapod,26,36,10,walk
dngn-park-tue,Kakuna,26,36,10,walk
dngn-park-tue,Paras,27,34,10,walk
dngn-park-tue,Venonat,25,32,10,walk
dngn-park-tue,Butterfree,27,30,5,walk
dngn-park-tue,Beedrill,27,30,5,walk
dngn-park-tue,Scyther,27,28,5,walk
dngn-park-tue,Pinsir,27,28,5,walk
dngn-park-thu,Wurmple,24,36,20,walk
dngn-park-thu,Nincada,26,36,20,walk
dngn-park-thu,Silcoon,25,32,10,walk
dngn-park-thu,Volbeat,26,36,10,walk
dngn-park-thu,Kricketot,27,30,10,walk
dngn-park-thu,Kricketune,27,30,10,walk
dngn-park-thu,Dustox,25,32,5,walk
dngn-park-thu,Combee,27,34,5,walk
dngn-park-thu,Scyther,27,28,5,walk
dngn-park-thu,Pinsir,27,28,5,walk
dngn-park-sat,Wurmple,24,36,20,walk
dngn-park-sat,Nincada,26,36,20,walk
dngn-park-sat,Cascoon,25,32,10,walk
dngn-park-sat,Illumise,26,36,10,walk
dngn-park-sat,Kricketot,27,30,10,walk
dngn-park-sat,Kricketune,27,30,10,walk
dngn-park-sat,Beautifly,25,32,5,walk
dngn-park-sat,Combee,27,34,5,walk
dngn-park-sat,Scyther,27,28,5,walk
dngn-park-sat,Pinsir,27,28,5,walk
dngn-burn-1F,Rattata,13,15,50,walk
dngn-burn-1F,Koffing,14,16,35,walk
dngn-burn-1F,Zubat,14,14,10,walk
dngn-burn-1F,Raticate,15,15,5,walk
dngn-burn-1F,Zigzagoon,13,14,20,sou-hoen
dngn-burn-1F,Spinda,15,15,20,sou-hoen
dngn-burn-1F,Meditite,15,15,20,sou-shin
dngn-burn-1F,Chatot,13,14,20,sou-shin
dngn-burn-B1F,Koffing,14,16,50,walk-m
dngn-burn-B1F,Rattata,14,16,40,walk-m
dngn-burn-B1F,Zubat,15,15,5,walk-m
dngn-burn-B1F,Magmar,14,14,5,walk-m
dngn-burn-B1F,Koffing,14,16,50,walk-d
dngn-burn-B1F,Rattata,14,14,35,walk-d
dngn-burn-B1F,Magmar,16,16,10,walk-d
dngn-burn-B1F,Zubat,15,15,5,walk-d
dngn-burn-B1F,Koffing,14,16,50,walk-n
dngn-burn-B1F,Rattata,14,16,40,walk-n
dngn-burn-B1F,Zubat,15,15,5,walk-n
dngn-burn-B1F,Magmar,14,14,5,walk-n
dngn-burn-B1F,Zigzagoon,14,14,20,sou-hoen
dngn-burn-B1F,Spinda,16,16,20,sou-hoen
dngn-burn-B1F,Meditite,16,16,20,sou-shin
dngn-burn-B1F,Chatot,14,14,20,sou-shin
dngn-bell-2f,Rattata,20,24,100,walk-d
dngn-bell-2f,Gastly,20,22,80,walk-n
dngn-bell-2f,Rattata,22,24,20,walk-n
dngn-bell-2f,Zigzagoon,20,21,20,sou-hoen
dngn-bell-2f,Spinda,22,22,20,sou-hoen
dngn-bell-2f,Meditite,22,22,20,sou-shin
dngn-bell-2f,Chatot,20,21,20,sou-shin
dngn-bell-3f,Rattata,20,24,100,walk-d
dngn-bell-3f,Gastly,20,22,80,walk-n
dngn-bell-3f,Rattata,22,24,20,walk-n
dngn-bell-3f,Zigzagoon,20,21,20,sou-hoen
dngn-bell-3f,Spinda,22,22,20,sou-hoen
dngn-bell-3f,Meditite,22,22,20,sou-shin
dngn-bell-3f,Chatot,20,21,20,sou-shin
dngn-bell-4f,Rattata,20,24,100,walk-d
dngn-bell-4f,Gastly,20,22,80,walk-n
dngn-bell-4f,Rattata,22,24,20,walk-n
dngn-bell-4f,Zigzagoon,20,21,20,sou-hoen
dngn-bell-4f,Spinda,22,22,20,sou-hoen
dngn-bell-4f,Meditite,22,22,20,sou-shin
dngn-bell-4f,Chatot,20,21,20,sou-shin
dngn-bell-5f,Rattata,20,24,100,walk-d
dngn-bell-5f,Gastly,20,22,80,walk-n
dngn-bell-5f,Rattata,22,24,20,walk-n
dngn-bell-5f,Zigzagoon,20,21,20,sou-hoen
dngn-bell-5f,Spinda,22,22,20,sou-hoen
dngn-bell-5f,Meditite,22,22,20,sou-shin
dngn-bell-5f,Chatot,20,21,20,sou-shin
dngn-bell-6f,Rattata,20,24,100,walk-d
dngn-bell-6f,Gastly,20,22,80,walk-n
dngn-bell-6f,Rattata,22,24,20,walk-n
dngn-bell-6f,Zigzagoon,20,21,20,sou-hoen
dngn-bell-6f,Spinda,22,22,20,sou-hoen
dngn-bell-6f,Meditite,22,22,20,sou-shin
dngn-bell-6f,Chatot,20,21,20,sou-shin
dngn-bell-7f,Rattata,20,24,100,walk-d
dngn-bell-7f,Gastly,20,22,80,walk-n
dngn-bell-7f,Rattata,22,24,20,walk-n
dngn-bell-7f,Zigzagoon,20,21,20,sou-hoen
dngn-bell-7f,Spinda,22,22,20,sou-hoen
dngn-bell-7f,Meditite,22,22,20,sou-shin
dngn-bell-7f,Chatot,20,21,20,sou-shin
dngn-bell-8f,Rattata,20,24,100,walk-d
dngn-bell-8f,Gastly,20,22,80,walk-n
dngn-bell-8f,Rattata,22,24,20,walk-n
dngn-bell-8f,Zigzagoon,20,21,20,sou-hoen
dngn-bell-8f,Spinda,22,22,20,sou-hoen
dngn-bell-8f,Meditite,22,22,20,sou-shin
dngn-bell-8f,Chatot,20,21,20,sou-shin
dngn-bell-9f,Rattata,20,24,100,walk-d
dngn-bell-9f,Gastly,20,22,80,walk-n
dngn-bell-9f,Rattata,22,24,20,walk-n
dngn-bell-9f,Zigzagoon,20,21,20,sou-hoen
dngn-bell-9f,Spinda,22,22,20,sou-hoen
dngn-bell-9f,Meditite,22,22,20,sou-shin
dngn-bell-9f,Chatot,20,21,20,sou-shin
dngn-bell-10f,Rattata,20,24,100,walk-d
dngn-bell-10f,Gastly,20,22,80,walk-n
dngn-bell-10f,Rattata,22,24,20,walk-n
dngn-bell-10f,Zigzagoon,20,21,20,sou-hoen
dngn-bell-10f,Spinda,22,22,20,sou-hoen
dngn-bell-10f,Meditite,22,22,20,sou-shin
dngn-bell-10f,Chatot,20,21,20,sou-shin
dngn-bell-top,Ho-oh,45,45,,sp
dngn-whir-1f,Krabby,22,24,50,walk
dngn-whir-1f,Zubat,23,23,30,walk
dngn-whir-1f,Seel,22,24,15,walk
dngn-whir-1f,Golbat,23,23,5,walk
dngn-whir-1f,Absol,22,23,20,sou-hoen
dngn-whir-1f,Makuhita,24,24,20,sou-hoen
dngn-whir-1f,Bronzor,22,23,20,sou-shin
dngn-whir-1f,Chingling,24,24,20,sou-shin
dngn-whir-1f,Tentacool,15,25,60,surf
dngn-whir-1f,Horsea,10,20,30,surf
dngn-whir-1f,Tentacruel,15,25,10,surf
dngn-whir-1f,Magikarp,10,10,95,rod-old
dngn-whir-1f,Krabby,10,10,5,rod-old
dngn-whir-1f,Magikarp,20,20,60,rod-good
dngn-whir-1f,Krabby,20,20,37,rod-good
dngn-whir-1f,Horsea,20,20,3,rod-good
dngn-whir-1f,Krabby,40,40,60,rod-sup
dngn-whir-1f,Horsea,40,40,30,rod-sup
dngn-whir-1f,Kingler,40,40,7,rod-sup
dngn-whir-1f,Seadra,40,40,3,rod-sup
dngn-whir-b1f,Krabby,22,24,50,walk
dngn-whir-b1f,Zubat,23,23,30,walk
dngn-whir-b1f,Seel,22,24,15,walk
dngn-whir-b1f,Golbat,23,23,5,walk
dngn-whir-b1f,Absol,22,23,20,sou-hoen
dngn-whir-b1f,Makuhita,24,24,20,sou-hoen
dngn-whir-b1f,Bronzor,22,23,20,sou-shin
dngn-whir-b1f,Chingling,24,24,20,sou-shin
dngn-whir-b2f,Krabby,22,24,50,walk
dngn-whir-b2f,Zubat,23,23,30,walk
dngn-whir-b2f,Seel,22,24,15,walk
dngn-whir-b2f,Golbat,23,23,5,walk
dngn-whir-b2f,Absol,22,23,20,sou-hoen
dngn-whir-b2f,Makuhita,24,24,20,sou-hoen
dngn-whir-b2f,Bronzor,22,23,20,sou-shin
dngn-whir-b2f,Chingling,24,24,20,sou-shin
dngn-whir-b2f,Horsea,15,25,60,surf
dngn-whir-b2f,Tentacruel,15,25,30,surf
dngn-whir-b2f,Seadra,15,30,10,surf
dngn-whir-b2f,Magikarp,10,10,95,rod-old
dngn-whir-b2f,Krabby,10,10,5,rod-old
dngn-whir-b2f,Magikarp,20,20,60,rod-good
dngn-whir-b2f,Krabby,20,20,37,rod-good
dngn-whir-b2f,Horsea,20,20,3,rod-good
dngn-whir-b2f,Krabby,40,40,60,rod-sup
dngn-whir-b2f,Horsea,40,40,30,rod-sup
dngn-whir-b2f,Kingler,40,40,7,rod-sup
dngn-whir-b2f,Seadra,40,40,3,rod-sup
dngn-whir-b3f,Krabby,23,25,50,walk
dngn-whir-b3f,Zubat,24,24,30,walk
dngn-whir-b3f,Seel,23,25,15,walk
dngn-whir-b3f,Golbat,24,24,5,walk
dngn-whir-b3f,Absol,23,24,20,sou-hoen
dngn-whir-b3f,Makuhita,25,25,20,sou-hoen
dngn-whir-b3f,Bronzor,23,24,20,sou-shin
dngn-whir-b3f,Chingling,25,25,20,sou-shin
dngn-whir-bot,Lugia,70,70,,sp
dngn-embe,Kyogre,50,50,,sp
dngn-embe,Rayquaza,50,50,,sp
dngn-mort,,,,,
dngn-mort-1f,,,,,
dngn-mort-1f2,,,,,
,,,,,
,,,,,
dngn-mort-1f,Zubat,13,15,60,walk
dngn-mort-1f,Machop,14,14,20,walk
dngn-mort-1f,Rattata,14,16,19,walk
dngn-mort-1f,Geodude,14,14,5,walk
dngn-mort-1f,Marill,15,15,1,walk
dngn-mort-1f,Absol,13,15,20,sou-hoen
dngn-mort-1f,Makuhita,14,14,20,sou-hoen
dngn-mort-1f,Bronzor,13,15,20,sou-shin
dngn-mort-1f,Chingling,14,14,20,sou-shin
dngn-mort-1f,Marill,13,15,40,swar
dngn-mort-1f,Goldeen,10,25,90,surf
dngn-mort-1f,Seaking,15,25,10,surf
dngn-mort-1f,Magikarp,10,10,95,rod-old
dngn-mort-1f,Goldeen,10,10,5,rod-old
dngn-mort-1f,Magikarp,20,20,60,rod-good
dngn-mort-1f,Goldeen,20,20,40,rod-good
dngn-mort-1f,Goldeen,40,40,90,rod-sup
dngn-mort-1f,Magikarp,40,40,7,rod-sup
dngn-mort-1f,Seaking,40,40,3,rod-sup
dngn-mort-1f2,Geodude,13,15,50,walk
dngn-mort-1f2,Machop,13,15,35,walk
dngn-mort-1f2,Rattata,14,14,10,walk
dngn-mort-1f2,Zubat,14,14,5,walk
dngn-mort-1f2,Absol,13,13,20,sou-hoen
dngn-mort-1f2,Makuhita,15,15,20,sou-hoen
dngn-mort-1f2,Bronzor,13,13,20,sou-shin
dngn-mort-1f2,Chingling,15,15,20,sou-shin
dngn-mort-1f3,Graveler,31,31,30,walk
dngn-mort-1f3,Machoke,32,32,30,walk
dngn-mort-1f3,Geodude,31,32,20,walk
dngn-mort-1f3,Raticate,30,30,10,walk
dngn-mort-1f3,Machop,28,28,5,walk
dngn-mort-1f3,Golbat,30,30,5,walk
dngn-mort-1f3,Absol,31,32,20,sou-hoen
dngn-mort-1f3,Makuhita,31,31,20,sou-hoen
dngn-mort-1f3,Bronzor,31,32,20,sou-shin
dngn-mort-1f3,Chingling,31,31,20,sou-shin
dngn-mort-1f3,Goldeen,15,30,90,surf
dngn-mort-1f3,Seaking,20,30,10,surf
dngn-mort-1f3,Magikarp,10,10,95,rod-old
dngn-mort-1f3,Goldeen,10,10,5,rod-old
dngn-mort-1f3,Magikarp,20,20,60,rod-good
dngn-mort-1f3,Goldeen,20,20,40,rod-good
dngn-mort-1f3,Goldeen,40,40,90,rod-sup
dngn-mort-1f3,Magikarp,40,40,7,rod-sup
dngn-mort-1f3,Seaking,40,40,3,rod-sup
dngn-mort-b1f,Zubat,15,17,60,walk
dngn-mort-b1f,Rattata,16,16,20,walk
dngn-mort-b1f,Machop,16,16,10,walk
dngn-mort-b1f,Raticate,16,16,5,walk
dngn-mort-b1f,Geodude,16,16,5,walk
dngn-mort-b1f,Absol,13,13,20,sou-hoen
dngn-mort-b1f,Makuhita,15,15,20,sou-hoen
dngn-mort-b1f,Bronzor,13,13,20,sou-shin
dngn-mort-b1f,Chingling,15,15,20,sou-shin
dngn-mort-b1f,Goldeen,10,25,90,surf
dngn-mort-b1f,Seaking,15,25,10,surf
dngn-mort-b1f,Magikarp,10,10,95,rod-old
dngn-mort-b1f,Goldeen,10,10,5,rod-old
dngn-mort-b1f,Magikarp,20,20,60,rod-good
dngn-mort-b1f,Goldeen,20,20,40,rod-good
dngn-mort-b1f,Goldeen,40,40,90,rod-sup
dngn-mort-b1f,Magikarp,40,40,7,rod-sup
dngn-mort-b1f,Seaking,40,40,3,rod-sup
dngn-mort-b1f,Tyrogue,10,10,,gift
dngn-hide-b1f,Geodude,21,21,,sp
dngn-hide-b1f,Voltorb,23,23,,sp
dngn-hide-b1f,Koffing,21,21,,sp
dngn-hide-b2f,Electrode,23,23,,sp
dngn-lake,Venonat,,,,head
dngn-lake,Exeggcute,,,,head
dngn-lake,Hoothoot,,,,head
dngn-lake,Pineco,,,,head
dngn-lake,Magikarp,5,20,90,surf
dngn-lake,Gyarados,10,20,10,surf
dngn-lake,Magikarp,10,10,100,rod-old
dngn-lake,Magikarp,20,20,97,rod-good
dngn-lake,Gyarados,20,20,3,rod-good
dngn-lake,Magikarp,40,40,90,rod-sup
dngn-lake,Gyarados,40,40,10,rod-sup
dngn-lake,Gyarados,30,30,,sp
dngn-ice-1f,Swinub,21,23,40,walk-m
dngn-ice-1f,Golbat,22,22,30,walk-m
dngn-ice-1f,Zubat,22,22,25,walk-m
dngn-ice-1f,Jynx,22,22,5,walk-m
dngn-ice-1f,,,,,
dngn-ice-1f,Swinub,21,23,40,walk-d
dngn-ice-1f,Golbat,22,22,30,walk-d
dngn-ice-1f,Zubat,22,22,20,walk-d
dngn-ice-1f,Jynx,22,22,10,walk-d
dngn-ice-1f,Swinub,21,23,40,walk-n
dngn-ice-1f,Golbat,22,22,30,walk-n
dngn-ice-1f,Zubat,22,22,25,walk-n
dngn-ice-1f,Jynx,22,22,5,walk-n
dngn-ice-1f,,,,,
dngn-ice-1f,Absol,21,22,20,sou-hoen
dngn-ice-1f,Makuhita,22,22,20,sou-hoen
dngn-ice-1f,Bronzor,21,22,20,sou-shin
dngn-ice-1f,Chingling,22,22,20,sou-shin
dngn-ice-b1f,Swinub,21,23,40,walk-m
dngn-ice-b1f,Golbat,22,22,30,walk-m
dngn-ice-b1f,Zubat,22,22,15,walk-m
dngn-ice-b1f,Jynx,22,22,5,walk-m
dngn-ice-b1f,,,,,
dngn-ice-b1f,Swinub,21,23,40,walk-d
dngn-ice-b1f,Golbat,22,22,30,walk-d
dngn-ice-b1f,Zubat,22,22,10,walk-d
dngn-ice-b1f,Jynx,22,22,10,walk-d
dngn-ice-b1f,Swinub,21,23,40,walk-n
dngn-ice-b1f,Golbat,22,22,30,walk-n
dngn-ice-b1f,Zubat,22,22,25,walk-n
dngn-ice-b1f,Jynx,22,22,5,walk-n
dngn-ice-b1f,,,,,
dngn-ice-b1f,Absol,21,22,20,sou-hoen
dngn-ice-b1f,Makuhita,22,22,20,sou-hoen
dngn-ice-b1f,Bronzor,21,22,20,sou-shin
dngn-ice-b1f,Chingling,22,22,20,sou-shin
dngn-ice-b2f,Swinub,22,24,40,walk-m
dngn-ice-b2f,Golbat,23,23,30,walk-m
dngn-ice-b2f,Zubat,23,23,15,walk-m
dngn-ice-b2f,Jynx,23,23,5,walk-m
dngn-ice-b2f,,,,,
dngn-ice-b2f,Swinub,22,24,40,walk-d
dngn-ice-b2f,Golbat,23,23,30,walk-d
dngn-ice-b2f,Zubat,23,23,10,walk-d
dngn-ice-b2f,Jynx,23,23,10,walk-d
dngn-ice-b2f,Swinub,22,24,40,walk-n
dngn-ice-b2f,Golbat,23,23,30,walk-n
dngn-ice-b2f,Zubat,23,23,25,walk-n
dngn-ice-b2f,Jynx,23,23,5,walk-n
dngn-ice-b2f,,,,,
dngn-ice-b2f,Absol,22,23,20,sou-hoen
dngn-ice-b2f,Makuhita,23,23,20,sou-hoen
dngn-ice-b2f,Bronzor,22,23,20,sou-shin
dngn-ice-b2f,Chingling,23,23,20,sou-shin
dngn-ice-b3f,Swinub,22,24,40,walk-m
dngn-ice-b3f,Golbat,23,23,30,walk-m
dngn-ice-b3f,Zubat,23,23,15,walk-m
dngn-ice-b3f,Jynx,23,23,5,walk-m
dngn-ice-b3f,,,,,
dngn-ice-b3f,Swinub,22,24,40,walk-d
dngn-ice-b3f,Golbat,23,23,30,walk-d
dngn-ice-b3f,Zubat,23,23,10,walk-d
dngn-ice-b3f,Jynx,23,23,10,walk-d
dngn-ice-b3f,Swinub,22,24,40,walk-n
dngn-ice-b3f,Golbat,23,23,30,walk-n
dngn-ice-b3f,Zubat,23,23,25,walk-n
dngn-ice-b3f,Jynx,23,23,5,walk-n
dngn-ice-b3f,,,,,
dngn-ice-b3f,Absol,22,23,20,sou-hoen
dngn-ice-b3f,Makuhita,23,23,20,sou-hoen
dngn-ice-b3f,Bronzor,22,23,20,sou-shin
dngn-ice-b3f,Chingling,23,23,20,sou-shin
dngn-den,Magikarp,5,20,90,surf
dngn-den,Dratini,5,15,10,surf
dngn-den,Magikarp,10,10,100,rod-old
dngn-den,Magikarp,20,20,97,rod-good
dngn-den,Dratini,20,20,3,rod-good
dngn-den,Magikarp,40,40,65,rod-sup
dngn-den,Dratini,40,40,32,rod-sup
dngn-den,Dragonair,40,40,3,rod-sup
dngn-den,Dratini,15,15,,gift
dngn-fall-main,Raticate,22,22,30,walk
dngn-fall-main,Zubat,22,22,30,walk
dngn-fall-main,Golbat,22,22,20,walk
dngn-fall-main,Slowpoke,20,23,15,walk
dngn-fall-main,Rattata,20,20,5,walk
dngn-fall-main,Absol,22,22,20,sou-hoen
dngn-fall-main,Makuhita,22,22,20,sou-hoen
dngn-fall-main,Bronzor,22,22,20,sou-shin
dngn-fall-main,Chingling,22,22,20,sou-shin
dngn-fall-main,Goldeen,20,20,60,surf
dngn-fall-main,Slowpoke,20,20,30,surf
dngn-fall-main,Seaking,20,20,10,surf
dngn-fall-main,Magikarp,10,10,95,rod-old
dngn-fall-main,Goldeen,10,10,5,rod-old
dngn-fall-main,Magikarp,20,20,60,rod-good
dngn-fall-main,Goldeen,20,20,40,rod-good
dngn-fall-main,Goldeen,40,40,90,rod-sup
dngn-fall-main,Magikarp,40,40,7,rod-sup
dngn-fall-main,Seaking,40,40,3,rod-sup
dngn-road-1f,Golbat,32,32,30,walk
dngn-road-1f,Graveler,32,32,30,walk
dngn-road-1f,Donphan,33,33,20,walk
dngn-road-1f,Onix,34,36,15,walk
dngn-road-1f,Rhyhorn,35,35,5,walk
dngn-road-1f,Absol,32,32,20,sou-hoen
dngn-road-1f,Makuhita,33,33,20,sou-hoen
dngn-road-1f,Bronzor,32,32,20,sou-shin
dngn-road-1f,Chingling,33,33,20,sou-shin
dngn-road-2f,Golbat,32,32,30,walk
dngn-road-2f,Graveler,32,32,30,walk
dngn-road-2f,Donphan,33,33,20,walk
dngn-road-2f,Onix,34,36,15,walk
dngn-road-2f,Rhyhorn,35,35,5,walk
dngn-road-2f,Absol,32,32,20,sou-hoen
dngn-road-2f,Makuhita,33,33,20,sou-hoen
dngn-road-2f,Bronzor,32,32,20,sou-shin
dngn-road-2f,Chingling,33,33,20,sou-shin
dngn-road-3f,Golbat,32,32,30,walk
dngn-road-3f,Graveler,32,32,30,walk
dngn-road-3f,Donphan,33,33,20,walk
dngn-road-3f,Onix,34,36,15,walk
dngn-road-3f,Rhyhorn,35,35,5,walk
dngn-road-3f,Absol,32,32,20,sou-hoen
dngn-road-3f,Makuhita,33,33,20,sou-hoen
dngn-road-3f,Bronzor,32,32,20,sou-shin
dngn-road-3f,Chingling,33,33,20,sou-shin
dngn-road-3f,Geodude,24,32,90,rock
dngn-road-3f,Graveler,30,33,10,rock
dngn-silv-out,Ponyta,42,42,30,walk-m
dngn-silv-out,Tangela,41,42,30,walk-m
dngn-silv-out,Donphan,42,42,20,walk-m
dngn-silv-out,Rapidash,44,44,10,walk-m
dngn-silv-out,Doduo,41,41,5,walk-m
dngn-silv-out,Dodrio,43,43,5,walk-m
dngn-silv-out,Ponyta,42,42,30,walk-d
dngn-silv-out,Tangela,41,42,30,walk-d
dngn-silv-out,Donphan,42,42,20,walk-d
dngn-silv-out,Rapidash,44,44,10,walk-d
dngn-silv-out,Doduo,41,41,5,walk-d
dngn-silv-out,Dodrio,43,43,5,walk-d
dngn-silv-out,Ponyta,42,42,30,walk-n
dngn-silv-out,Tangela,41,42,30,walk-n
dngn-silv-out,Donphan,42,42,20,walk-n
dngn-silv-out,Rapidash,44,44,10,walk-n
dngn-silv-out,Sneasel,41,43,10,walk-n
dngn-silv-out,Whismur,41,42,20,sou-hoen
dngn-silv-out,Linoone,42,42,20,sou-hoen
dngn-silv-out,Buizel,41,42,20,sou-shin
dngn-silv-out,Bidoof,42,42,20,sou-shin
dngn-silv-out,Natu,,,,head
dngn-silv-out,Aipom,,,,head
dngn-silv-out,Heracross,,,,head
dngn-silv-out,Poliwhirl,30,48,92,surf
dngn-silv-out,Poliwag,30,40,8,surf
dngn-silv-out,Magikarp,10,10,95,rod-old
dngn-silv-out,Poliwag,10,10,5,rod-old
dngn-silv-out,Magikarp,20,20,60,rod-good
dngn-silv-out,Poliwag,20,20,40,rod-good
dngn-silv-out,Poliwag,40,40,93,rod-sup
dngn-silv-out,Magikarp,40,40,7,rod-sup
dngn-silv-1f,Quagsire,45,45,40,walk-m
dngn-silv-1f,Steelix,48,48,20,walk-m
dngn-silv-1f,Donphan,47,48,20,walk-m
dngn-silv-1f,Golduck,48,48,10,walk-m
dngn-silv-1f,Golbat,48,48,5,walk-m
dngn-silv-1f,Larvitar,15,20,5,walk-m
dngn-silv-1f,Quagsire,45,45,40,walk-d
dngn-silv-1f,Steelix,48,48,20,walk-d
dngn-silv-1f,Donphan,47,48,20,walk-d
dngn-silv-1f,Golduck,48,48,10,walk-d
dngn-silv-1f,Golbat,48,48,5,walk-d
dngn-silv-1f,Larvitar,15,20,5,walk-d
dngn-silv-1f,Quagsire,45,45,30,walk-n
dngn-silv-1f,Steelix,48,48,20,walk-n
dngn-silv-1f,Donphan,47,48,20,walk-n
dngn-silv-1f,Golduck,48,48,10,walk-n
dngn-silv-1f,Misdreavus,45,45,10,walk-n
dngn-silv-1f,Golbat,48,48,5,walk-n
dngn-silv-1f,Larvitar,15,20,5,walk-n
dngn-silv-1f,Absol,42,44,20,sou-hoen
dngn-silv-1f,Makuhita,43,43,20,sou-hoen
dngn-silv-1f,Bronzor,42,44,20,sou-shin
dngn-silv-1f,Chingling,43,43,20,sou-shin
dngn-silv-1f,Seaking,30,45,90,surf
dngn-silv-1f,Goldeen,30,40,10,surf
dngn-silv-1f,Magikarp,10,10,95,rod-old
dngn-silv-1f,Goldeen,10,10,5,rod-old
dngn-silv-1f,Magikarp,20,20,60,rod-good
dngn-silv-1f,Goldeen,20,20,40,rod-good
dngn-silv-1f,Goldeen,40,40,90,rod-sup
dngn-silv-1f,Magikarp,40,40,7,rod-sup
dngn-silv-1f,Seaking,40,40,3,rod-sup
dngn-silv-1ft,Quagsire,45,45,30,walk-m
dngn-silv-1ft,Sneasel,48,48,20,walk-m
dngn-silv-1ft,Donphan,48,50,20,walk-m
dngn-silv-1ft,Phanpy,46,46,10,walk-m
dngn-silv-1ft,Golduck,48,48,10,walk-m
dngn-silv-1ft,Golbat,48,48,5,walk-m
dngn-silv-1ft,Larvitar,15,20,5,walk-m
dngn-silv-1ft,Quagsire,45,45,30,walk-d
dngn-silv-1ft,Sneasel,48,48,20,walk-d
dngn-silv-1ft,Donphan,48,50,20,walk-d
dngn-silv-1ft,Phanpy,46,46,10,walk-d
dngn-silv-1ft,Golduck,48,48,10,walk-d
dngn-silv-1ft,Golbat,48,48,5,walk-d
dngn-silv-1ft,Larvitar,15,20,5,walk-d
dngn-silv-1ft,Quagsire,45,45,30,walk-n
dngn-silv-1ft,Sneasel,48,48,20,walk-n
dngn-silv-1ft,Donphan,48,50,20,walk-n
dngn-silv-1ft,Misdreavus,45,45,10,walk-n
dngn-silv-1ft,Golduck,48,48,10,walk-n
dngn-silv-1ft,Phanpy,46,46,10,walk-n
dngn-silv-1ft,Golbat,48,48,5,walk-n
dngn-silv-1ft,Larvitar,15,20,5,walk-n
dngn-silv-1ft,Absol,46,48,20,sou-hoen
dngn-silv-1ft,Makuhita,48,50,20,sou-hoen
dngn-silv-1ft,Bronzor,46,48,20,sou-shin
dngn-silv-1ft,Chingling,48,50,20,sou-shin
dngn-silv-1ft,Seaking,30,45,90,surf
dngn-silv-1ft,Goldeen,30,40,10,surf
dngn-silv-1ft,Magikarp,10,10,95,rod-old
dngn-silv-1ft,Goldeen,10,10,5,rod-old
dngn-silv-1ft,Magikarp,20,20,60,rod-good
dngn-silv-1ft,Goldeen,20,20,40,rod-good
dngn-silv-1ft,Goldeen,40,40,90,rod-sup
dngn-silv-1ft,Magikarp,40,40,7,rod-sup
dngn-silv-1ft,Seaking,40,40,3,rod-sup
dngn-silv-1ft,Moltres,50,50,,sp
dngn-silv-2f,Onix,42,42,30,walk
dngn-silv-2f,Donphan,44,44,30,walk
dngn-silv-2f,Graveler,41,43,20,walk
dngn-silv-2f,Phanpy,43,43,10,walk
dngn-silv-2f,Golbat,45,45,5,walk
dngn-silv-2f,Larvitar,15,20,5,walk
dngn-silv-2f,Absol,45,48,20,sou-hoen
dngn-silv-2f,Makuhita,47,48,20,sou-hoen
dngn-silv-2f,Bronzor,45,48,20,sou-shin
dngn-silv-2f,Chingling,47,48,20,sou-shin
dngn-silv-2f,Seaking,30,50,92,surf
dngn-silv-2f,Goldeen,30,40,8,surf
dngn-silv-2f,Magikarp,10,10,95,rod-old
dngn-silv-2f,Goldeen,10,10,5,rod-old
dngn-silv-2f,Magikarp,20,20,63,rod-good
dngn-silv-2f,Goldeen,20,20,30,rod-good
dngn-silv-2f,Seaking,20,20,7,rod-good
dngn-silv-2f,Gyarados,40,40,63,rod-sup
dngn-silv-3f,Quagsire,45,45,35,walk-m
dngn-silv-3f,Golduck,48,48,20,walk-m
dngn-silv-3f,Donphan,47,48,20,walk-m
dngn-silv-3f,Phanpy,46,46,10,walk-m
dngn-silv-3f,Golbat,48,48,5,walk-m
dngn-silv-3f,Larvitar,15,20,5,walk-m
dngn-silv-3f,Pupitar,45,45,5,walk-m
dngn-silv-3f,Quagsire,45,45,35,walk-d
dngn-silv-3f,Golduck,48,48,20,walk-d
dngn-silv-3f,Donphan,47,48,20,walk-d
dngn-silv-3f,Phanpy,46,46,10,walk-d
dngn-silv-3f,Golbat,48,48,5,walk-d
dngn-silv-3f,Larvitar,15,20,5,walk-d
dngn-silv-3f,Pupitar,45,45,5,walk-d
dngn-silv-3f,Misdreavus,45,45,30,walk-n
dngn-silv-3f,Golduck,48,48,20,walk-n
dngn-silv-3f,Donphan,47,48,20,walk-n
dngn-silv-3f,Phanpy,46,46,10,walk-n
dngn-silv-3f,Golbat,48,48,5,walk-n
dngn-silv-3f,Quagsire,45,45,5,walk-n
dngn-silv-3f,Larvitar,15,20,5,walk-n
dngn-silv-3f,Pupitar,45,45,5,walk-n
dngn-silv-3f,Absol,45,46,20,sou-hoen
dngn-silv-3f,Makuhita,47,48,20,sou-hoen
dngn-silv-3f,Bronzor,45,46,20,sou-shin
dngn-silv-3f,Chingling,47,48,20,sou-shin
dngn-silv-4f,Golduck,48,48,30,walk-m
dngn-silv-4f,Sneasel,50,50,20,walk-m
dngn-silv-4f,Quagsire,45,45,20,walk-m
dngn-silv-4f,Donphan,47,47,20,walk-m
dngn-silv-4f,Golbat,48,48,5,walk-m
dngn-silv-4f,Larvitar,15,20,5,walk-m
dngn-silv-4f,Golduck,48,48,30,walk-d
dngn-silv-4f,Sneasel,50,50,20,walk-d
dngn-silv-4f,Quagsire,45,45,20,walk-d
dngn-silv-4f,Donphan,47,47,20,walk-d
dngn-silv-4f,Golbat,48,48,5,walk-d
dngn-silv-4f,Larvitar,15,20,5,walk-d
dngn-silv-4f,Golduck,48,48,30,walk-n
dngn-silv-4f,Sneasel,50,50,20,walk-n
dngn-silv-4f,Donphan,47,47,20,walk-n
dngn-silv-4f,Quagsire,45,45,10,walk-n
dngn-silv-4f,Misdreavus,45,45,10,walk-n
dngn-silv-4f,Golbat,48,48,5,walk-n
dngn-silv-4f,Larvitar,15,20,5,walk-n
dngn-silv-4f,Absol,45,48,20,sou-hoen
dngn-silv-4f,Makuhita,47,47,20,sou-hoen
dngn-silv-4f,Bronzor,45,48,20,sou-shin
dngn-silv-4f,Chingling,47,47,20,sou-shin
dngn-silv-4f,Seaking,30,45,90,surf
dngn-silv-4f,Goldeen,30,40,10,surf
dngn-silv-4f,Magikarp,10,10,95,rod-old
dngn-silv-4f,Goldeen,10,10,5,rod-old
dngn-silv-4f,Magikarp,20,20,60,rod-good
dngn-silv-4f,Goldeen,20,20,40,rod-good
dngn-silv-4f,Goldeen,40,40,90,rod-sup
dngn-silv-4f,Magikarp,40,40,7,rod-sup
dngn-silv-4f,Seaking,40,40,3,rod-sup
dngn-silv-m,Golbat,48,51,40,walk
dngn-silv-m,Onix,48,48,30,walk
dngn-silv-m,Phanpy,48,48,10,walk
dngn-silv-m,Donphan,50,50,10,walk
dngn-silv-m,Golduck,51,51,5,walk
dngn-silv-m,Larvitar,15,20,5,walk
dngn-silv-m,Absol,48,51,20,sou-hoen
dngn-silv-m,Makuhita,48,48,20,sou-hoen
dngn-silv-m,Bronzor,48,51,20,sou-shin
dngn-silv-m,Chingling,48,48,20,sou-shin
dngn-silv-m,Natu,,,,
dngn-silv-m,Aipom,,,,
dngn-silv-m,Heracross,,,,
dngn-silv-top,Golduck,48,48,30,walk-m
dngn-silv-top,Sneasel,45,45,20,walk-m
dngn-silv-top,Donphan,47,47,20,walk-m
dngn-silv-top,Quagsire,45,45,15,walk-m
dngn-silv-top,Larvitar,15,30,10,walk-m
dngn-silv-top,Golbat,48,48,5,walk-m
dngn-silv-top,Golduck,48,48,30,walk-d
dngn-silv-top,Sneasel,45,45,20,walk-d
dngn-silv-top,Donphan,47,47,20,walk-d
dngn-silv-top,Quagsire,45,45,15,walk-d
dngn-silv-top,Larvitar,15,30,10,walk-d
dngn-silv-top,Golbat,48,48,5,walk-d
dngn-silv-top,Golduck,48,48,20,walk-n
dngn-silv-top,Sneasel,45,45,20,walk-n
dngn-silv-top,Donphan,47,47,20,walk-n
dngn-silv-top,Misdreavus,45,48,15,walk-n
dngn-silv-top,Quagsire,45,45,10,walk-n
dngn-silv-top,Larvitar,15,30,10,walk-n
dngn-silv-top,Golbat,48,48,5,walk-n
dngn-silv-top,Absol,45,48,20,sou-hoen
dngn-silv-top,Makuhita,47,47,20,sou-hoen
dngn-silv-top,Bronzor,45,48,20,sou-shin
dngn-silv-top,Chingling,47,47,20,sou-shin
dngn-silv-top,Seaking,30,45,90,surf
dngn-silv-top,Goldeen,30,40,10,surf
dngn-silv-top,Magikarp,10,10,95,rod-old
dngn-silv-top,Goldeen,10,10,5,rod-old
dngn-silv-top,Magikarp,20,20,60,rod-good
dngn-silv-top,Goldeen,20,20,40,rod-good
dngn-silv-top,Goldeen,40,40,90,rod-sup
dngn-silv-top,Magikarp,40,40,7,rod-sup
dngn-silv-top,Seaking,40,40,3,rod-sup
dngn-viri,Caterpie,3,3,40,walk-m
dngn-viri,Metapod,3,5,30,walk-m
dngn-viri,Pidgey,3,3,10,walk-m
dngn-viri,Butterfree,7,7,10,walk-m
dngn-viri,Pikachu,4,7,6,walk-m
dngn-viri,Pidgeotto,7,7,4,walk-m
dngn-viri,Caterpie,3,3,40,walk-d
dngn-viri,Metapod,3,5,30,walk-d
dngn-viri,Pidgey,3,7,15,walk-d
dngn-viri,Pidgeotto,7,7,9,walk-d
dngn-viri,Pikachu,4,7,6,walk-d
dngn-viri,Hoothoot,3,5,80,walk-n
dngn-viri,Noctowl,7,7,15,walk-n
dngn-viri,Pikachu,4,4,5,walk-n
dngn-viri,Spoink,3,3,20,sou-hoen
dngn-viri,Numel,5,5,20,sou-hoen
dngn-viri,Budew,3,3,20,sou-shin
dngn-viri,Carnivine,5,5,20,sou-shin
dngn-viri,Kricketot,3,5,,swar
dngn-viri,Hoothoot,,,,head
dngn-viri,Noctowl,,,,head
dngn-viri,Spinarak,,,,head
dngn-viri,Ariados,,,,head
dngn-viri,Seedot,,,,head
dngn-viri,Shroomish,,,,head
dngn-dig,Diglett,13,19,90,walk
dngn-dig,Dugtrio,19,29,10,walk
dngn-dig,Absol,15,17,20,sou-hoen
dngn-dig,Makuhita,19,19,20,sou-hoen
dngn-dig,Bronzor,15,17,20,sou-shin
dngn-dig,Chingling,19,19,20,sou-shin
dngn-moon-1f,Zubat,6,6,30,walk
dngn-moon-1f,Geodude,8,8,30,walk
dngn-moon-1f,Sandshrew,8,8,20,walk
dngn-moon-1f,Paras,12,12,10,walk
dngn-moon-1f,Sandslash,10,10,5,walk
dngn-moon-1f,Clefairy,8,8,5,walk
dngn-moon-1f,Absol,6,8,20,sou-hoen
dngn-moon-1f,Makuhita,8,8,20,sou-hoen
dngn-moon-1f,Bronzor,6,8,20,sou-shin
dngn-moon-1f,Chingling,8,8,20,sou-shin
dngn-moon-2f,Zubat,6,6,30,walk
dngn-moon-2f,Geodude,8,8,30,walk
dngn-moon-2f,Sandshrew,8,8,20,walk
dngn-moon-2f,Paras,12,12,10,walk
dngn-moon-2f,Sandslash,10,10,5,walk
dngn-moon-2f,Clefairy,8,8,5,walk
dngn-moon-2f,Absol,6,8,20,sou-hoen
dngn-moon-2f,Makuhita,8,8,20,sou-hoen
dngn-moon-2f,Bronzor,6,8,20,sou-shin
dngn-moon-2f,Chingling,8,8,20,sou-shin
dngn-moon-out,Poliwag,35,35,60,surf
dngn-moon-out,Magikarp,30,35,40,surf
dngn-moon-out,Magikarp,10,10,100,rod-old
dngn-moon-out,Magikarp,20,20,90,rod-good
dngn-moon-out,Poliwag,20,20,10,rod-good
dngn-moon-out,Poliwag,40,40,100,rod-sup
dngn-ceru-1f,Machoke,39,40,24,walk-m
dngn-ceru-1f,Parasect,38,38,20,walk-m
dngn-ceru-1f,Primeape,38,39,14,walk-m
dngn-ceru-1f,Magneton,40,40,11,walk-m
dngn-ceru-1f,Ditto,39,39,11,walk-m
dngn-ceru-1f,Golbat,38,38,10,walk-m
dngn-ceru-1f,Electrode,40,40,5,walk-m
dngn-ceru-1f,Wobbuffet,37,37,5,walk-m
dngn-ceru-1f,Machoke,39,40,24,walk-d
dngn-ceru-1f,Parasect,38,38,20,walk-d
dngn-ceru-1f,Primeape,38,39,14,walk-d
dngn-ceru-1f,Magneton,40,40,11,walk-d
dngn-ceru-1f,Ditto,39,39,11,walk-d
dngn-ceru-1f,Golbat,38,38,10,walk-d
dngn-ceru-1f,Electrode,40,40,5,walk-d
dngn-ceru-1f,Wobbuffet,37,37,5,walk-d
dngn-ceru-1f,Golbat,38,39,50,walk-n
dngn-ceru-1f,Parasect,38,38,10,walk-n
dngn-ceru-1f,Magneton,40,40,10,walk-n
dngn-ceru-1f,Ditto,39,39,10,walk-n
dngn-ceru-1f,Electrode,40,40,5,walk-n
dngn-ceru-1f,Wobbuffet,37,37,5,walk-n
dngn-ceru-1f,Machoke,39,40,6,walk-n
dngn-ceru-1f,Primeape,39,39,4,walk-n
dngn-ceru-1f,Absol,38,38,20,sou-hoen
dngn-ceru-1f,Makuhita,39,40,20,sou-hoen
dngn-ceru-1f,Bronzor,38,38,20,sou-shin
dngn-ceru-1f,Chingling,39,40,20,sou-shin
dngn-ceru-1f,Psyduck,35,40,90,surf
dngn-ceru-1f,Golduck,40,40,10,surf
dngn-ceru-1f,Magikarp,10,10,100,rod-old
dngn-ceru-1f,Poliwag,20,20,62,rod-good
dngn-ceru-1f,Goldeen,20,20,33,rod-good
dngn-ceru-1f,Magikarp,20,20,5,rod-good
dngn-ceru-1f,Poliwag,40,40,60,rod-sup
dngn-ceru-1f,Poliwhirl,40,40,30,rod-sup
dngn-ceru-1f,Gyarados,40,40,10,rod-sup
dngn-ceru-2f,Parasect,40,40,20,walk-m
dngn-ceru-2f,Kadabra,42,42,20,walk-m
dngn-ceru-2f,Machoke,39,42,20,walk-m
dngn-ceru-2f,Golbat,41,41,10,walk-m
dngn-ceru-2f,Magneton,41,41,10,walk-m
dngn-ceru-2f,Ditto,42,42,10,walk-m
dngn-ceru-2f,Electrode,41,41,5,walk-m
dngn-ceru-2f,Wobbuffet,42,42,5,walk-m
dngn-ceru-2f,Parasect,40,40,20,walk-d
dngn-ceru-2f,Kadabra,42,42,20,walk-d
dngn-ceru-2f,Machoke,39,42,20,walk-d
dngn-ceru-2f,Golbat,41,41,10,walk-d
dngn-ceru-2f,Magneton,41,41,10,walk-d
dngn-ceru-2f,Ditto,42,42,10,walk-d
dngn-ceru-2f,Electrode,41,41,5,walk-d
dngn-ceru-2f,Wobbuffet,42,42,5,walk-d
dngn-ceru-2f,Golbat,41,42,20,walk-n
dngn-ceru-2f,Parasect,40,40,20,walk-n
dngn-ceru-2f,Kadabra,42,42,20,walk-n
dngn-ceru-2f,Machoke,39,39,10,walk-n
dngn-ceru-2f,Magneton,41,41,10,walk-n
dngn-ceru-2f,Ditto,42,42,10,walk-n
dngn-ceru-2f,Electrode,41,41,5,walk-n
dngn-ceru-2f,Wobbuffet,42,42,5,walk-n
dngn-ceru-2f,Absol,39,41,20,sou-hoen
dngn-ceru-2f,Makuhita,41,42,20,sou-hoen
dngn-ceru-2f,Bronzor,39,41,20,sou-shin
dngn-ceru-2f,Chingling,41,42,20,sou-shin
dngn-ceru-b1f,Parasect,45,47,25,walk
dngn-ceru-b1f,Kadabra,46,46,20,walk
dngn-ceru-b1f,Magneton,45,47,15,walk
dngn-ceru-b1f,Golbat,47,47,10,walk
dngn-ceru-b1f,Machoke,45,45,10,walk
dngn-ceru-b1f,Ditto,45,45,10,walk
dngn-ceru-b1f,Electrode,46,46,5,walk
dngn-ceru-b1f,Wobbuffet,49,49,5,walk
dngn-ceru-b1f,Absol,45,47,20,sou-hoen
dngn-ceru-b1f,Makuhita,45,45,20,sou-hoen
dngn-ceru-b1f,Bronzor,45,47,20,sou-shin
dngn-ceru-b1f,Chingling,45,45,20,sou-shin
dngn-ceru-b1f,Psyduck,35,40,90,surf
dngn-ceru-b1f,Golduck,40,40,10,surf
dngn-ceru-b1f,Magikarp,10,10,100,rod-old
dngn-ceru-b1f,Poliwag,20,20,62,rod-good
dngn-ceru-b1f,Goldeen,20,20,33,rod-good
dngn-ceru-b1f,Magikarp,20,20,5,rod-good
dngn-ceru-b1f,Poliwag,40,40,60,rod-sup
dngn-ceru-b1f,Poliwhirl,40,40,30,rod-sup
dngn-ceru-b1f,Gyarados,40,40,10,rod-sup
dngn-ceru-b1f,Mewtwo,70,70,,sp
dngn-rock-1f,Cubone,10,13,35,walk
dngn-rock-1f,Geodude,10,10,30,walk
dngn-rock-1f,Machop,12,12,20,walk
dngn-rock-1f,Zubat,8,8,10,walk
dngn-rock-1f,Machoke,14,14,5,walk
dngn-rock-1f,Absol,10,10,20,sou-hoen
dngn-rock-1f,Makuhita,12,12,20,sou-hoen
dngn-rock-1f,Bronzor,10,10,20,sou-shin
dngn-rock-1f,Chingling,12,12,20,sou-shin
dngn-rock-b1f,Geodude,12,12,30,walk
dngn-rock-b1f,Cubone,12,12,30,walk
dngn-rock-b1f,Onix,16,16,20,walk
dngn-rock-b1f,Zubat,10,10,10,walk
dngn-rock-b1f,Marowak,14,14,5,walk
dngn-rock-b1f,Kangaskhan,14,14,5,walk
dngn-rock-b1f,Absol,12,12,20,sou-hoen
dngn-rock-b1f,Makuhita,16,16,20,sou-hoen
dngn-rock-b1f,Bronzor,12,12,20,sou-shin
dngn-rock-b1f,Chingling,16,16,20,sou-shin
dngn-rock-b1f,Geodude,12,21,100,rock
dngn-silp-lob,Treecko,5,5,,gift
dngn-silp-lob,Torchic,5,5,,gift
dngn-silp-lob,Mudkip,5,5,,gift
dngn-foam-1f,Zubat,26,28,30,walk
dngn-foam-1f,Golbat,30,32,30,walk
dngn-foam-1f,Psyduck,28,29,30,walk
dngn-foam-1f,Golduck,32,32,10,walk
dngn-foam-1f,Absol,28,29,20,sou-hoen
dngn-foam-1f,Makuhita,30,32,20,sou-hoen
dngn-foam-1f,Bronzor,28,29,20,sou-shin
dngn-foam-1f,Chingling,30,32,20,sou-shin
dngn-foam-b1f,Seel,32,34,30,walk
dngn-foam-b1f,Golbat,32,34,30,walk
dngn-foam-b1f,Psyduck,26,28,16,walk
dngn-foam-b1f,Golduck,32,34,14,walk
dngn-foam-b1f,Zubat,28,29,10,walk
dngn-foam-b1f,Absol,28,34,20,sou-hoen
dngn-foam-b1f,Makuhita,32,34,20,sou-hoen
dngn-foam-b1f,Bronzor,28,34,20,sou-shin
dngn-foam-b1f,Chingling,32,34,20,sou-shin
dngn-foam-b2f,Seel,33,35,30,walk
dngn-foam-b2f,Golbat,33,35,30,walk
dngn-foam-b2f,Psyduck,27,30,16,walk
dngn-foam-b2f,Golduck,33,35,14,walk
dngn-foam-b2f,Zubat,29,30,10,walk
dngn-foam-b2f,Absol,30,35,20,sou-hoen
dngn-foam-b2f,Makuhita,33,35,20,sou-hoen
dngn-foam-b2f,Bronzor,30,35,20,sou-shin
dngn-foam-b2f,Chingling,33,35,20,sou-shin
dngn-foam-b3f,Golbat,34,36,30,walk
dngn-foam-b3f,Dewgong,35,36,24,walk
dngn-foam-b3f,Golduck,34,36,14,walk
dngn-foam-b3f,Psyduck,31,32,12,walk
dngn-foam-b3f,Zubat,31,32,10,walk
dngn-foam-b3f,Seel,34,34,10,walk
dngn-foam-b3f,Absol,32,34,20,sou-hoen
dngn-foam-b3f,Makuhita,34,36,20,sou-hoen
dngn-foam-b3f,Bronzor,32,34,20,sou-shin
dngn-foam-b3f,Chingling,36,36,20,sou-shin
dngn-foam-b4f,Golbat,38,40,30,walk
dngn-foam-b4f,Dewgong,37,38,24,walk
dngn-foam-b4f,Golduck,37,38,14,walk
dngn-foam-b4f,Jynx,38,40,12,walk
dngn-foam-b4f,Psyduck,34,34,10,walk
dngn-foam-b4f,Seel,34,34,10,walk
dngn-foam-b4f,Absol,34,34,20,sou-hoen
dngn-foam-b4f,Makuhita,38,38,20,sou-hoen
dngn-foam-b4f,Bronzor,34,34,20,sou-shin
dngn-foam-b4f,Chingling,38,38,20,sou-shin
dngn-foam-b4f,Seel,30,4,60,surf
dngn-foam-b4f,Horsea,30,40,30,surf
dngn-foam-b4f,Slowbro,35,50,10,surf
dngn-foam-b4f,Magikarp,10,10,95,rod-old
dngn-foam-b4f,Krabby,10,10,5,rod-old
dngn-foam-b4f,Magikarp,20,20,60,rod-good
dngn-foam-b4f,Psyduck,20,20,30,rod-good
dngn-foam-b4f,Krabby,20,20,7,rod-good
dngn-foam-b4f,Horsea,20,20,3,rod-good
dngn-foam-b4f,Gyarados,40,40,60,rod-sup
dngn-foam-b4f,Horsea,40,40,30,rod-sup
dngn-foam-b4f,Kingler,40,40,5,rod-sup
dngn-foam-b4f,Seadra,40,40,5,rod-sup
dngn-foam-b4f,Articuno,50,50,,sp
dngn-cin,Tentacool,30,35,90,surf
dngn-cin,Tentacruel,35,35,10,surf
dngn-cin,Magikarp,10,10,95,rod-old
dngn-cin,Tentacool,10,10,5,rod-old
dngn-cin,Magikarp,20,20,60,rod-good
dngn-cin,Tentacool,20,20,30,rod-good
dngn-cin,Chinchou,20,20,7,rod-good
dngn-cin,Shellder,20,20,3,rod-good
dngn-cin,Chinchou,40,40,60,rod-sup
dngn-cin,Shellder,40,40,30,rod-sup
dngn-cin,Tentacruel,40,40,7,rod-sup
dngn-cin,Lanturn,40,40,3,rod-sup
saf-gate,Exeggcute,,,,head
saf-gate,Hoothoot,,,,head
saf-gate,Spinarak,,,,head
saf-gate,Pineco,,,,head
